sample_id,formula_from_sites,n_sites,volume_a3,a_a,b_a,c_a,alpha_deg,beta_deg,gamma_deg,last_phdos_peak_cm1
575,Ba2S4Zr,7,199.49010922758578,5.0108913530703365,5.010891360439357,8.699242056126288,106.73869668912083,106.73869669625,89.99999997091216,456.97355178318014
525,GeHg2Se4,7,198.58238582772913,5.827678834791465,5.827678831430069,7.153384731292055,114.03766867469986,114.03766868800555,90.00000004214336,272.585757411125
461,AuScSn,3,69.34928973740101,4.611607516013379,4.611607517384679,4.61160752,59.999999981239924,59.9999999714034,59.99999999077214,234.5857604283931
723,P2Rb2S6,10,308.2249139739469,7.204445736491369,7.470575864885045,7.4705755601752335,74.34119353189062,61.17159266258753,61.17159277314757,652.5857272384436
1146,AlF5K2,8,136.7336648988483,3.75175829,6.03698785,6.03698785,90.0,90.0,90.0,624.5857294616939
307,Bi2O8Sb2,12,164.27755696160702,4.987572184816036,5.60701712243814,6.559816378710874,103.3810182453772,112.34365321705647,90.0000000001164,727.5857212833093
969,Au2Na4Sb2,8,211.47328248713313,5.92943061,6.039213429610067,6.039213430244973,102.07586926952158,90.0,90.0,192.58576376326835
814,H2K2O2,6,86.07265446250264,5.805707365968419,3.93668325,5.805707365968419,90.0,40.4414711030134,90.0,3261.585520079166
154,CuO2Rh,4,48.7048296218524,5.999814693555689,5.999814694738774,5.999814692847186,30.29502682785583,30.2950268181188,30.295026809508226,691.5857241417737
744,FeSbV,3,48.50761257892213,4.093627259942396,4.093627280770686,4.09362702,60.00000210723258,60.0000019389236,60.000006126369655,329.58575288522275
432,Fe4S4Sb4,12,200.29650040918833,5.92488762,6.0582234295308846,6.041428924803103,112.53406988294753,90.0,90.0,427.5857451038471
834,C2CaK2O6,11,158.91376057436452,6.944979288091513,6.94497929007118,6.94497929076288,46.14323159705182,46.14323160986206,46.14323158479657,1520.5856583176874
899,N6Rb2,8,160.7391253716744,5.974296678519361,5.974296678519361,5.974296678519361,99.81509739815027,114.50454512591887,114.50454512591887,2096.5856125822547
1259,Au4Cs4O4,12,342.0264345422161,6.317855662286332,8.007203004244138,8.00720300367284,81.0461565654173,66.76453441030144,66.76453439945418,541.5857360520424
659,Cs2Na2Te2,6,249.35660948253192,5.36076678,5.36076678,8.67694924,90.0,90.0,90.0,173.5857652719024
787,As2K4Zn,7,262.257489743399,9.64707962773265,9.647079840787777,9.647080244212402,34.89143091170153,34.89142910665728,34.89143270000429,324.58575328223185
499,BCa3N3,7,104.1749736161605,3.57110194,3.57110194,8.16881205,90.0,90.0,90.0,1648.585648154258
646,Li5O6Re,12,107.74815005464787,5.084135410711424,5.099087649786538,5.099087654568861,119.75193192305281,99.95101649761206,99.95101641400493,798.5857156457819
56,C2PtRb2,5,136.07525824240167,5.471406,5.471405999637481,5.24868671,90.0,90.0,120.00000000219177,1797.5856363233909
94,Ga4O6,10,100.68355117211368,5.3999117265157865,5.399911719858462,5.399911722684778,55.87160675531781,55.87160678598931,55.871606783431176,674.5857254916042
487,NNaO2,4,55.88779120985418,3.6324073662467566,4.32301498309655,4.323014978860565,78.74165266331504,65.15756410587268,65.15756406602085,1331.5856733246264
1226,F6GaNaTl2,10,157.17576114177763,6.057594388802744,6.057594388802744,6.057594388802744,59.99999999999999,59.99999999999999,59.99999999999999,507.58573875170373
807,Cl6Cs2Sn,9,303.3410543132763,7.541918948974133,7.541921018046131,7.541920870001616,59.99999566990123,60.00005989313287,60.00005942951729,309.58575447325865
1175,As2Li2O6,10,100.28836934278858,5.593871431593248,5.5938714335755995,5.593871428857419,51.93151234820564,51.93151229740282,51.93151222086984,722.5857216803181
250,Ca4Pb4Sr4,12,437.26030722663575,5.23426627,8.5321283,9.79099585,90.0,90.0,90.0,176.5857650336971
910,Au2O4Rb2,8,184.91102422832287,4.880316719948376,6.13360484,6.64179664432927,90.0,111.55500772924448,90.0,620.585729779301
145,CdF6Pd,8,116.93123340237419,5.741652596386985,5.741652595173974,5.741652599999145,54.578486699068364,54.5784865915718,54.57848663374576,619.5857298587027
618,Al2Li2Te4,8,245.8310117266908,6.421376992166773,6.421376986805811,7.494036311872533,115.36812192188756,115.36812189159147,89.99999999627593,331.5857527264192
1234,N6Sr2W2,10,147.72274821738253,3.69437,6.40311965033678,6.724370175449073,110.44459184131384,96.78058924563143,90.93453666108594,1012.5856986537982
672,Na2S4Sb2,8,198.56212291184812,5.8828438147277975,5.882843809633491,6.908592059209055,112.95904883220298,112.95904875160079,91.06123677621329,307.5857546320623
879,F2La2O2,6,98.06477541832822,4.09177053,4.09177053,5.85720599,90.0,90.0,90.0,526.5857372430696
1083,Cs4O6Zr2,12,271.11051419418357,6.02438192,6.9529092930866065,6.952909292495893,111.42522515945693,90.0,90.0,693.5857239829703
758,Ba3I6,9,391.8804679110261,9.27887402,9.278873803636165,5.2557227,90.0,90.0,120.00000077134987,120.58576948019743
39,K2O4Sb2,8,160.82028503203662,5.679693760279462,5.891293454332512,5.891293449465288,94.86792720718675,112.85217465370764,112.85217475245878,609.5857306527207
74,B2BaO6Ti,10,125.00873899311868,6.325423998520302,6.325424000219236,6.325423997650339,47.29423978261729,47.29423980639914,47.29423977518266,1382.5856692751352
950,CaLi2O4Si,8,85.39057156518558,4.888808920824229,4.88880891914967,4.888808916893229,94.24578081790563,117.57972911273302,117.57972908229908,934.5857048471382
556,F2O2Y2,6,81.39225090578955,6.760750623037119,6.760750620488729,6.76075062162921,32.95981055509018,32.95981054872786,32.959810562743066,560.5857345434086
795,CaMg2N2,5,67.15788264449404,3.55959321,3.559593215099292,6.12020013,90.0,90.0,120.00000004554289,542.5857359726408
353,Ga2Te5,7,234.68411145248845,6.7685464937877855,6.768546489488893,6.7685464863057465,105.38184819585803,105.38184814793155,118.00175836443525,223.58576130181282
857,O6Si3,9,120.21179347680075,5.01978486,5.019784859746678,5.5086634,90.0,90.0,120.00000000166938,1177.5856855525024
608,Rb2Te,3,159.50120741317926,6.087322687003399,6.087322685640155,6.08732269,60.000000030649744,60.000000038057884,59.99999998658941,84.58577233866201
410,Ag6Na2O4,12,200.8707305208802,6.058103543731323,6.260497552518563,6.857420588818009,117.15995097679165,116.21360054994418,89.99999997272421,496.5857396251232
600,O8P2Sc2,12,129.60995664143414,5.543362590046152,5.543362584633979,5.543362582042904,106.0522000911113,106.05220003118734,116.54970263332854,1154.5856873787438
883,K2O7SrTa2,12,178.29223564523423,4.01787117408352,4.0178711704896495,11.403922753417563,100.14627485068078,100.14627486974054,90.00000007618279,887.811580454068
578,Cu2Ga2Te4,8,225.1419253512003,6.087059917411558,6.087059916640598,7.446335572172092,114.12498946783302,114.12498941344954,90.00000000755831,204.58576281044685
599,Ca2O6Sn2,10,138.72826609673217,6.081888123929138,6.081888125639427,6.0818881286927935,54.513466624313544,54.51346657454208,54.51346661504611,607.5857308115244
753,Rb2Sb4,6,254.55215011095527,4.23863254,7.4083546774524685,8.724316984661828,103.53772128328774,90.0,106.62288480823757,168.5857656689114
700,Bi2Ca4O,7,189.47402417216685,4.764351121906624,4.76435158578832,9.001426901047067,105.34581295718108,105.34581488930789,90.0000023526282,374.5857493121421
346,Cl6Cs2Pb,9,318.7154452709079,7.667245499955036,7.667245504318368,7.6672455,60.00000001863127,59.999999999806015,59.9999999937866,269.5857576493304
164,Na4Pt2Se4,10,233.9026159541951,3.75050226,5.758382556675238,11.45483782,90.0,90.0,109.00531591395539,225.5857611430092
679,Ba2BiO6Ta,10,162.53884499133355,6.106680688237507,6.105261577516965,6.135535881270543,60.50311864197053,60.15544596269669,59.99230387589341,744.6165269361184
171,Fe2S4,6,81.42107417882187,3.39030874,4.43831624,5.41102244,90.0,90.0,90.0,447.58574351581115
196,Ca4Li4Sb4,12,298.0225645862026,4.64635557,7.67557607,8.35652517,90.0,90.0,90.0,364.58575010616005
217,PbTe,2,70.75839257292664,4.64263262260234,4.64263262260234,4.64263262260234,59.99999999999999,59.99999999999999,59.99999999999999,95.58577146524229
627,P4Si2Zn2,8,154.87826641095086,5.421828750101582,5.421828748858681,6.515882691529204,114.58527741701265,114.58527739535931,89.99999997534371,477.5857411337574
774,Li4P2Sr,7,125.47819910171299,8.236494605768977,8.236494354616653,8.23649415800168,30.226783113978648,30.226786094264565,30.22678510359359,473.5857414513646
68,Rb2Se,3,133.9565841544993,5.743276002645296,5.743276001516398,5.743276,60.000000008734055,60.000000015236196,60.00000003690916,99.58577114763511
486,Mg2P4Si2,8,169.4177142437914,5.7502183089041115,5.750218311289675,6.541069316790625,116.07499871358169,116.0749987126326,89.99999996652859,475.585741292561
1248,Au2K2O4,8,164.85078773453233,4.480760666980775,6.10388,6.43035,90.0,69.61008053048761,90.0,622.5857296204973
444,Cu4K4S4,12,358.7464307433496,5.31486252,6.29872432,10.71625287,90.0,90.0,90.0,428.5857450244453
846,CuSe2Y,4,94.81248639637003,4.11266012,4.112659902583322,6.47275688,90.0,90.0,120.00000174876747,221.58576146061642
828,BaFeH8Mg2,12,125.32235032718371,4.556566070406248,4.55653686114212,6.969865600745445,90.00000001082142,90.00146055131515,119.99978610860424,1867.5856307652653
1140,N2SrZr,4,59.433166519600285,6.259301085014584,6.259301083138842,6.2593010782278435,31.498665112057793,31.498665143985072,31.498665097446015,580.256144779931
1067,Ir4S4Sb4,12,227.45765736321695,6.10426699,6.10426699,6.10426699,90.0,90.0,90.0,354.58575090017797
513,Bi2K2O4,8,162.17629754461527,5.706475362872914,5.706475362688941,6.676231321314239,117.53926829381881,117.53926829521791,91.98222340363621,550.5857353374264
334,INa,2,69.67509611617895,4.618818086288326,4.618818087699609,4.61881809,60.000000055144206,60.00000004503666,60.000000081481495,119.58576955959923
330,BrK,2,75.2943756319122,4.739790847962189,4.739790847962189,4.739790847962189,59.99999999999999,59.99999999999999,59.99999999999999,112.58577011541179
1227,Cs2F6LiTl,10,177.11970854948785,6.3036771511657514,6.3036771511657514,6.3036771511657514,59.99999999999999,59.99999999999999,59.99999999999999,411.5857463742758
715,KO8P2Sb,12,175.79637234617402,9.059865433456906,9.05986556655767,9.0598658853402,31.076782138685193,31.076780656596963,31.0767830726369,1194.5856842026724
822,H4K2O4P2,12,182.10899065378607,5.255890123883241,5.255890123883241,7.2888892939488255,72.49110972250682,107.50889027749318,89.70130645918658,2275.5855983693336
687,AlF4Rb,6,88.26165354954718,3.71378967,3.71378967,6.3993734,90.0,90.0,90.0,658.2016401888546
152,Ag2Al2Te4,8,252.15506729920435,6.418540768086839,6.418540769210692,7.619761542180881,114.90893603617378,114.90893597293149,89.99999995974179,323.58575336163346
167,P4RuSi4,9,153.1281496682696,4.970290152446692,5.665877025080478,6.208293235476324,85.5944363205809,68.27006418897314,70.75441996050519,502.5857391487126
912,N3O6Rb3,12,221.55424513222482,5.78213881,5.782139467698958,7.65195401,90.0,90.0,119.9999961800812,1321.5856741186446
181,Be2N4Si2,8,67.72592380950289,4.072993600244561,4.072993600251344,4.996152876195862,114.05497428527792,114.0549742638884,90.00000002888895,982.585701035852
153,LiO2Rh,4,39.311898884543524,5.066440995588826,5.0664409944688735,5.066440996575805,35.56096735401051,35.560967395215805,35.560967378043394,571.5857336699888
1200,GaHSnSr,4,90.08828370371118,4.487417908587946,4.487416746916843,5.165523830703932,90.00149423423402,89.99853217385825,119.9930544875383,1208.585683091047
911,K4P4Pd2,10,272.94463265313226,5.97537125,6.399719382277258,7.8219959908212715,114.14735654250231,90.0,90.0,490.58574010153404
507,C2Li4O6,12,122.89828720225914,4.906923252163132,4.906923250738657,6.347791796166142,69.38285142979666,69.38285145015887,61.86175264847738,1542.5856565708484
485,As2CdK4,7,277.9559769847681,9.974086801313483,9.974086799862732,9.974086800190562,34.09379746601667,34.0937974679259,34.09379746841908,257.5857586021519
1180,Au2K4P2,8,233.23545087455432,6.183731089593984,6.183731091719831,6.35637943,90.0,90.0,106.34486229127417,317.58575383804435
1035,BaCd2P2,5,131.61038653406337,4.46200187,4.462001871500893,7.63308392,90.0,90.0,120.00000006300945,276.58575709351777
801,HgK2O2,5,113.0207390808219,3.9950562430389094,3.995056244335838,7.623968627871215,105.18914466776017,105.1891447346202,89.99999993679204,617.5857300175064
429,Cl6Cs2Se,9,303.877521679041,7.546365881444435,7.546365881572101,7.54636588,60.000000006891355,60.00000000633173,59.999999979472456,304.58575487026764
372,Ba2Br2H2,6,156.97467233359163,4.58602832,4.58602832,7.46373344,90.0,90.0,90.0,820.5857138989426
40,O4Rb2Sb2,8,180.03814885984778,5.676909711362915,6.209799673234822,6.209799669223762,98.35084446475858,111.3107206381667,111.31072065470444,607.5857308115244
1169,PtSiTi,3,51.332252432220166,4.171591532315197,4.171592013109429,4.17159112,59.999998659917644,59.99999488526036,60.00000044854036,368.58574978855285
880,CaCsF3,5,96.19152708825901,4.5819,4.5819,4.5819,90.0,90.0,90.0,436.58574438923085
465,Cu4S4Ti,9,157.14993681615343,5.442469817756786,5.442469817529828,6.554237488775971,114.53110015136738,114.5311001985864,89.99999999410983,454.58574295999847
619,Hf2O8Si2,12,131.81550742273666,5.564579258115748,5.56457925549222,5.56457925066268,106.9388908355577,106.93889079668719,114.66404216485967,1077.5856934926821
540,Al4Li4O8,16,173.063562660293,5.23013345,5.23013345,6.32674163,90.0,90.0,90.0,863.5857104846657
328,BiLi3,4,76.44026676406773,4.763714555377321,4.7637145588694025,4.76371456,59.999999992149014,59.99999996789964,60.00000000284912,377.5857490739367
243,HgIn2Se4,7,213.49309537286103,6.007078658832941,6.007078651548939,7.283284462345778,114.35493563102514,114.35493568506674,89.99999996214684,204.58576281044685
1162,CoScTe,3,56.15621045122922,4.298374893548752,4.298374992721113,4.29837465,59.99999434233641,59.9999935270632,59.99999162007132,273.5857573317232
859,CdF3Rb,5,91.3029680397465,4.50292761,4.50292761,4.50292761,90.0,90.0,90.0,468.9700846237468
229,In2Li2Se4,8,217.89431663098966,6.038826684062065,6.038826688418521,7.344032229408399,114.27636466925031,114.2763646848526,89.99999999984412,351.58575113838333
1225,Cs2F6GaTl,10,203.14076152986468,6.598380533376739,6.598380533376739,6.598380533376739,60.00000000000001,60.00000000000001,60.00000000000001,501.58573922811433
78,C5Si5,10,104.96228122383982,12.780089316911946,12.780089318541986,12.780089320923832,13.90859335236401,13.90859333583932,13.908593348721029,833.7677456801904
1223,AlCs2H6In,10,172.9411198591302,6.253710242432798,6.253710242432798,6.253710242432798,59.99999999999999,59.99999999999999,59.99999999999999,1340.341044368494
1206,F6RbSb,8,143.02623904629786,5.26807608843633,5.268076088651134,5.2680760960027175,96.62362742228633,96.62362744796326,96.62362730701687,645.5857277942563
224,As2O6Pb,9,119.48863346698553,4.97364067,4.973640667919628,5.57759725,90.0,90.0,119.99999994732647,719.5857219185235
225,Fe2P4,6,76.29094996146846,2.72379059,4.96139972,5.64540482,90.0,90.0,90.0,468.58574184837363
560,Li2O6Ta2,10,109.1333437356025,5.533819200776061,5.53381920061749,5.533819203075146,56.14486292364526,56.1448628789652,56.14486289752374,859.5857108022728
727,BaF6Si,8,110.24681089430159,4.850693968028702,4.850693972118948,4.850693963645227,98.20648430575164,98.20648430685006,98.20648421984112,785.5857166780053
663,Ca4OP2,7,153.69523737624792,4.5122194196030865,4.512219423763834,8.195424738084053,105.97923325085904,105.97923325686844,89.99999993785829,506.5857388311055
300,Cl4K2Pd,7,216.07802975386883,4.21623554,7.15884358,7.15884358,90.0,90.0,90.0,331.5857527264192
439,Cl6PdRb2,9,263.85259186625575,7.1993306584375265,7.19933066172096,7.19933066,60.00000000790753,59.99999999282069,59.999999983772334,337.5857522500084
303,Cl3CsGe,5,168.03698733462977,5.518273683762919,5.518273683475239,5.51827367722463,89.84399996888682,89.84400002400672,89.84399996688396,273.5857573317232
1193,Ge2Hf2O8,12,126.61487704456827,4.888534215488502,4.888534217790598,6.326111480232551,112.72928346405234,112.7292834914829,89.99999998052034,806.5857150105676
881,As2CdO6,9,104.87065845459139,4.9285019,4.92850190173216,4.98532535,90.0,90.0,119.99999998837386,742.5857200922823
649,F8Sr2Zn2,12,181.85610688117308,5.536168743349492,5.536168742609985,7.1084970036659545,112.91748268624747,112.91748274822858,89.99999996284792,469.58574176897173
819,Cl6Cs2Zr,9,314.89153691378567,7.63645839726765,7.636458650221152,7.63645857,60.00000039082143,59.99999929507339,59.99999785400556,333.5857525676157
1082,K2Li2Se2,6,150.08609705575108,4.52967617,4.52967617,7.31486228,90.0,90.0,90.0,366.5857499473565
104,Cd2Te2,4,145.82266521240584,4.68430264,4.684302644109713,7.67369454,90.0,90.0,119.99999997097794,144.5857675745544
1014,KO2Tl,4,65.80954072479699,6.50470998420144,6.504709984868549,6.504709983731927,31.269602456712803,31.26960242869092,31.269602453715915,418.58574581846324
265,Ge3O6,9,128.9141583614399,5.08372319,5.083723188930618,5.75978398,90.0,90.0,119.99999994188857,910.5857067527812
32,BaF2,3,62.009456031024406,4.442808965610873,4.442808965214954,4.44280897,60.00000003882889,60.00000004177678,59.99999998191566,301.58575510847294
186,LiSe2Y,4,93.54671363228051,6.923410615959025,6.923410617493701,6.9234106178530475,34.21132652872237,34.21132648389545,34.21132657236452,226.58576106360744
926,Cd2O6Sn2,10,136.15068986648183,6.022334922423253,6.022334920283493,6.022335344193996,54.91035942591686,54.91035938276299,54.910356030351174,589.5857322407568
6,GePtTi,3,53.749543633124475,4.2360712832844,4.2360712832844,4.2360712832844,60.00000000000001,60.00000000000001,60.00000000000001,297.5857554260802
358,Cl2H2Sr2,6,119.9142798138098,4.12792399,4.12792399,7.03732357,90.0,90.0,90.0,934.5857048471382
1207,B2Cu2Se4,8,137.95914042683933,5.329050759001102,5.326255736872947,6.15046060846154,115.68825040235099,115.69415182006057,89.93976652124742,607.5857308115244
20,Ba2FN,4,95.73910980636602,4.039223586799539,4.03922396,7.165919831142044,73.63020481363127,73.63020776167359,59.999996943627465,366.5857499473565
195,Ag2K2Se2,6,162.18173054203322,4.56631797,4.56631797,7.7780303,90.0,90.0,90.0,150.58576709814366
49,SZn,2,40.475675140540325,3.853922998069512,3.853922997614662,3.853923,59.99999997952571,59.999999983429866,59.99999998504907,335.58575240881197
17,Ir4P8,12,185.98725750468816,5.79539059477619,5.83771594,5.900728383325034,90.0,111.3068036704876,90.0,483.58574065734666
944,MoSe2,3,70.6116948462732,7.609217515378548,7.609217515848695,7.609217524794308,25.261639595134582,25.26163959569327,25.26163957819137,296.585755505482
46,BaLiP,3,77.05993008196977,4.43349591,4.43349590262046,4.52694643,90.0,90.0,119.9999999804479,376.58574915333855
148,F6NaRhTl2,10,163.064785281569,6.132323540116638,6.132323544314982,6.13232354,60.000000023276414,60.00000000062919,60.00000005421082,544.5857358138372
775,BiLiMg,3,80.33450072745758,4.843273704621124,4.843274145171227,4.84327414,60.00000003531967,59.99999702634657,59.99999685338089,287.5857562200981
1153,CaP2Zn2,5,97.12852028988806,4.0479361,4.047936103900487,6.84461215,90.0,90.0,119.99999996812524,328.5857529646245
1136,Ba2N2Zn,5,116.30228825201563,4.221058159819673,4.221058153694847,7.177511311290244,107.10042865452064,107.10042860067048,89.99999990338945,659.5857266826313
1237,AlCs2H6Na,10,160.45600966922373,6.099445125901237,6.099445125901237,6.099445125901237,59.99999999999999,59.99999999999999,59.99999999999999,1407.5856672900907
553,As4Si2Zn2,8,178.36815311751553,5.6793205064815115,5.679320503628296,6.834336840923392,114.55074600082762,114.5507459337478,89.99999999335421,401.58574716829366
323,Os2P4,6,89.71921614642024,2.94843679,5.1269439,5.93519625,90.0,90.0,90.0,470.5857416895698
977,O2Rb2,4,93.17525017578897,4.267698900691269,5.167562812414077,5.167562803020818,71.91049635501858,65.61087956893627,65.61087957502848,832.5857129461209
565,CdF6Pb,8,141.42492853744895,6.042507698120965,6.042508001235121,6.042507141651555,55.96664719489304,55.96664142019397,55.96664756217184,524.5857374018732
695,Ba2Bi2I2O4,10,265.77371522036105,5.9263457000007085,6.171903311750606,7.894401972982506,113.01223798783808,90.00002730624507,89.99994412338744,507.58573875170373
818,F2O4Rb2S2,10,207.58837818837665,4.885632988024482,6.03002545,7.400271360202626,90.0,107.79201246818032,90.0,1153.5856874581455
548,O4S4Zr4,12,192.36740538459009,5.77267573,5.77267573,5.77267573,90.0,90.0,90.0,598.5857315261405
1100,As4Rb4Sn2,10,381.59548323028207,7.0661927708251735,7.600972894027376,8.797947718344473,115.59291340242984,113.67710672684257,89.99999996800473,217.5857617782236
1152,BaMg2Sb2,5,165.5567457818096,4.82395051,4.8239505090078385,8.21505664,90.0,90.0,119.9999999382297,252.58575899916082
855,CCaFKO3,7,104.10098129353196,5.16420256,5.164202562382755,4.50731234,90.0,90.0,119.99999998473707,1524.5856580000805
561,Cd2Ge2P4,8,185.24645909700513,5.8109360137646595,5.8109360141292035,6.854192262631059,115.08083448544944,115.08083451455775,89.99999997542902,371.58574955034754
57,Hg2Se4Sn,7,211.34865809656222,5.9365194559904895,5.936519454635071,7.320205926435538,113.9217462067704,113.92174620771586,90.00000005944153,230.58576074600026
239,O3PbTi,5,68.98476769691632,3.86121489,3.86121489,4.62706139,90.0,90.0,90.0,800.4307672174878
1185,Al2C2O2Sc2,8,94.50226210763742,10.270699074928816,10.270699074928816,10.270699145695048,18.421476599123828,18.421476599123828,18.42148285073744,765.585718266041
1151,Mg2Sb2Sr,5,154.408821069803,4.7544084,4.754408404879078,7.88766588,90.0,90.0,119.99999996605287,259.58575844334825
109,O2SY2,5,83.86335994651851,3.81925715,3.8192571427495436,6.63871197,90.0,90.0,119.99999997618538,524.5857374018732
925,AgNaO2,4,55.21541986125156,3.6490035489944086,3.6490035489944086,6.4353952166389465,61.312815506737486,118.6871844932625,130.63017450066047,572.5857335905872
281,CuI,2,55.90624056948109,4.291987304745661,4.291987302965572,4.29198731,60.00000002285664,60.00000003657635,60.00000005516278,153.58576685993827
1004,Ga2N2,4,46.94282735959896,3.21629013,3.2162901337807175,5.23996246,90.0,90.0,120.00000006396569,674.5857254916042
932,CaI6Sr2,9,413.7121534178896,8.150967826487667,8.151343577743006,7.189895824458357,90.00215524969387,89.99569626092864,119.99847514037953,163.58576606592038
133,F8Pd2,10,135.42377486701724,5.58209415108447,5.582094149974827,5.649440418145931,106.86743859149138,106.86743855588372,114.37341818137756,652.5857272384436
1215,BeK4P2,7,228.85934384876364,9.028120977851287,9.028120976419203,9.028120974916158,36.12948945105531,36.12948949655559,36.12948942733864,848.5857116756923
1230,AsCl6Cs2Na,10,305.5593862410317,7.560262512303148,7.560262512303148,7.560262512303148,60.00000000000001,60.00000000000001,60.00000000000001,276.58575709351777
615,Ge2P4Zn2,8,164.24975576087445,5.504076079319091,5.504076076350311,6.674002608372276,114.35266695632077,114.35266693865911,89.99999993681207,381.5857487563297
259,TeZn,2,59.14561543024554,4.373332702250636,4.373332703817418,4.3733327,60.000000028874815,60.00000001702372,59.99999997952967,178.58576487489344
1119,FeP4Si4,9,144.39223358868574,4.886177399661661,5.552883473756262,6.081132080590565,85.39649070120485,68.38859779087755,70.46354568689821,504.5857389899089
278,BrTl,2,66.7810922784175,4.05711987,4.05711987,4.05711987,90.0,90.0,90.0,82.58577249746558
1213,Cu2Hf2K2S6,12,260.5457292581058,3.73226406,7.390573454506137,9.76200861,90.0,90.0,104.62559677314776,334.58575248821387
864,Ba2H6Os,9,134.02968833110538,5.744320572324439,5.744320572324439,5.744320572324439,59.99999999999999,59.99999999999999,59.99999999999999,1853.58563187689
869,Ag4Na4O4,12,216.02787111275322,4.6896403346490265,7.180744669491389,7.1807446708048674,83.87890410660465,70.94093122904717,70.940931244967,552.5857351786229
957,K4S6,10,284.98813000011836,6.295977113968865,6.29597710551409,7.5876273,90.0,90.0,108.64218016639572,447.58574351581115
470,Cu2O4Y2,8,125.89716582001424,3.56339043,3.563390435979383,11.44876135,90.0,90.0,120.00000003732428,653.5857271590419
414,BiF6Li,8,114.21073278766406,5.678616506860636,5.67861651064025,5.678616510696688,54.93208550526533,54.93208541685135,54.93208549439793,564.5857342258015
888,Cs2HgO2,5,150.97635098360493,4.540588401894513,4.540588399465988,7.995856348825024,106.49512966054321,106.49512960676601,90.00000005670488,605.585730970328
119,Li2P2Sr2,6,134.24819186136818,4.38479006,4.384790066736385,8.06269448,90.0,90.0,119.99999994917937,410.5857464536776
1108,Rb6S6,12,431.41701533090895,8.96560502,8.965605022063487,6.19737012,90.0,90.0,119.9999999923865,481.5857408161503
1178,K4Ni2P4,10,249.11082538128886,5.61145707,6.4211622036896925,7.622695744033715,114.90955661930076,90.0,90.0,491.5857400221323
712,BBe2CsF2O3,9,128.27849533771257,4.482532456936633,4.482532456936633,7.81292678686821,73.32955633412865,73.32955633412865,60.00000772009903,1384.5856691163315
502,Ca8Ge4,12,339.27906635655154,4.85545189,7.67813806,9.10063072,90.0,90.0,90.0,223.58576130181282
1020,F6PtRb2,9,159.03109546283014,6.08908327,6.089083260936549,4.95276353,90.0,90.0,119.99999999491206,588.5857323201583
579,Mg2P8,10,199.57649749336784,5.11868154,5.190378821052297,7.596687181961576,98.56618419678428,90.0,90.0,477.5857411337574
198,Mo2Se4,6,148.11240764632976,3.32694913,3.3269491379745477,15.45142322,90.0,90.0,120.00000002013901,296.585755505482
789,ClCs,2,88.04928891476517,4.993598252171779,4.993598529308832,4.99359839,60.00000085659705,59.99999902072255,60.00000523055284,122.58576932139387
867,CuO2Y,4,62.97029630380625,6.086150403604999,6.08615040364615,6.086150408478761,34.03983302966227,34.03983301836922,34.03983302806082,652.5857272384436
54,SSr,2,55.731533542061,4.287511824203641,4.287511818102724,4.28751182,59.99999998536181,60.000000032432645,60.00000001909564,219.58576161942003
839,Cs2F6GaLi,10,181.4932388793753,6.36087573,6.3608757303385,5.17959732,90.0,90.0,120.00000005024464,547.5857355756318
1229,AlCs2H6Tl,10,177.2689596354417,6.305447265713231,6.305447265713231,6.305447265713231,59.99999999999999,59.99999999999999,59.99999999999999,1390.5856686399204
792,Cs8Te4,12,655.0585739309258,5.91653978,9.52704483,11.62128462,90.0,90.0,90.0,85.58577225926021
1195,C2K2Pt,5,121.93440085502648,5.18192507,5.181776459572511,5.243604290033025,90.00034383980267,90.0,120.00093588096868,1801.585636005784
458,Pt2S2,4,76.46997973180635,3.53412669,3.53412669,6.12247115,90.0,90.0,90.0,445.5857436746148
512,Al2Cu2O4,8,81.97304293240126,2.87981533,2.8798156494758116,11.41329606,90.0,90.0,119.99999644512759,836.5857126285138
143,CdGa2Te4,7,236.35979968695003,6.272691826544482,6.272691822994211,7.467176361498225,114.83570210372625,114.83570222033242,90.0000000378428,208.5857624928397
172,Ge2Li4O6,12,133.17867041322248,4.93478469,5.548245053553512,5.5996547146406535,119.69676135023738,90.0,90.0,789.5857163603979
858,F6In2,8,128.36743823431735,5.831108627023718,5.831108629937336,5.831108626756925,56.35197874415147,56.35197869100891,56.351978727974874,575.5857333523818
517,Ba3Bi3Na3,9,341.99661670975325,8.74155163,8.741551627436548,5.16790027,90.0,90.0,119.99999997185866,166.585765827715
401,Br4K2Pd,7,253.12880648205433,4.45169892,7.54063455,7.54063455,90.0,90.0,90.0,254.58575884035724
359,Ba2Cl2H2,6,143.89601375238317,4.43531995,4.43531995,7.31473935,90.0,90.0,90.0,847.5857117550943
962,Bi2Ca2K2,6,251.00045225218946,5.42796288,5.42796288,8.51923829,90.0,90.0,90.0,193.5857636838666
958,K4Se6,10,320.1107779972596,6.6058601047288,6.605860100412897,7.75218447,90.0,90.0,108.86639291892533,229.585760825402
71,NiSbY,3,64.42246466223851,4.49970571733771,4.499705714201458,4.49970571,59.999999957371834,59.9999999804281,60.000000006339896,204.58576281044685
779,As2Cs2F8,12,268.7401936270643,4.90811709,6.765467807987158,8.77811401011973,112.78360884288738,90.0,90.0,620.585729779301
549,H2N4P2,8,80.16202410917356,4.752384301426608,4.783698704724973,4.87289872162401,119.31631448864113,119.10527924959571,90.00560515349794,3355.714701120785
893,Ge3O6,9,129.14456331315466,5.08836005,5.088360041522817,5.75956692,90.0,90.0,119.99999999010011,910.5857067527812
632,Mn2P8,10,146.38879423858123,5.109770710022111,5.835873465400029,5.868215415318609,107.34320444295736,115.84281547924739,93.75419288140418,539.5857362108462
887,Na4Se6Zr2,12,295.70626322038186,7.006730643409568,7.0154084520137285,7.337959966400642,80.70523818013115,71.12968147550912,60.040910015186036,226.58576106360744
835,F2K2O4S2,10,185.90263242562773,4.709044438524807,5.81599662,7.15126209057859,90.0,108.34580240950507,90.0,1153.1905864961611
1001,Al2Cu2Se4,8,177.3921184288757,5.6426757301127095,5.64267573036821,6.852763172437873,114.31217796057699,114.31217793156637,90.00000000929525,375.58574923274034
92,Ca4Ge4Sr4,12,373.1666122344943,4.96925591,8.15600261,9.20733746,90.0,90.0,90.0,200.58576312805405
799,Li2N6Si4,12,119.04404151115196,4.81440275,5.330939623965635,5.34965590374495,119.88433470898636,90.0,90.0,1062.5856946837089
131,O8P2Tl2,12,165.0696884683966,4.965737052523587,4.9657370549745625,7.25969767,90.0,90.0,112.76390645480974,1077.5856934926821
270,InNaSe2,4,99.6870873277674,7.436808231110255,7.4368082316236395,7.436808238133591,31.499759655647512,31.49975967544702,31.49975966539919,168.5857656689114
763,BaCl2,3,101.87463348586465,5.24236234900377,5.242362054438203,5.24236227,59.999998576686586,60.0000004354194,59.99999507361875,184.5857643984827
1170,PtSiZr,3,57.93643551506617,4.343324225493023,4.343324310523784,4.34332442,59.999999166204546,59.99999851859113,59.999999616035176,320.5857535998389
886,Al2Os,3,42.248166510770616,3.1838078308747426,3.1838078352095946,4.737030412026577,109.63671961877071,109.63671963445839,89.99999995806218,442.5857439128201
928,Na2O4Sb2,8,128.62247268463364,5.412649101677991,5.412649101677991,5.64064180637095,63.919335382877,116.080664617123,88.92163757893587,619.5857298587027
943,LiNZn,3,30.05961719712393,3.4900593630521684,3.4900593656493815,3.49005937,60.00000005354637,60.00000002892928,59.99999998918045,596.5857316849441
514,Rb2Te5,7,287.20475444772325,5.915873948118595,7.505540638905531,7.505540646816797,77.62790894915416,68.48398785683919,68.48398787393516,142.58576773335804
508,NaO2Tl,4,56.38217662401409,5.918017345997854,5.918017340018398,5.918017346790255,33.54797762032645,33.54797770111277,33.54797768713258,428.5857450244453
400,O2Sr,3,43.54427517827179,3.5733033063990565,3.573303302565222,4.244328651372345,114.89460186848834,114.89460181572183,90.00000009416183,926.9151354639647
262,In2Rb2Te4,8,307.31878576638394,7.416376209103327,7.416376202990261,7.416376207367172,104.89861682460004,104.89861678475268,119.06365885067089,181.58576463668808
810,Cs2F6NaSc,10,181.12287428296173,6.350814579129991,6.350814578389169,6.35081458,59.9999999916096,59.99999999546835,60.000000023192825,500.5857393075161
536,O6Se2Sr2,10,161.02872447814488,4.4930800272985705,5.59508632,6.740764175940469,90.0,108.14677121483531,90.0,782.6436177376511
1232,Ca2N6W2,10,148.57571053570965,3.6464888740137407,5.829862819580148,7.501479847207883,105.66371403654584,104.06669840161346,90.00000466728767,1335.5856730070195
310,Cl2La2O2,6,118.91044396121177,4.13386688,4.13386688,6.95836212,90.0,90.0,90.0,494.58573978392684
205,Rb2Te4Y2,8,304.3508459275378,4.52449944,4.524499444807769,17.16733189,90.0,90.0,119.99999996484921,171.58576543070603
800,CdF6Pt,8,118.95134968158938,5.791439524083246,5.791439523637887,5.791439521807951,54.258157182815296,54.25815717704972,54.25815719047945,592.5857320025513
827,H4K2Pd,7,134.03567649074225,5.677890541611406,5.677890541611406,5.677890541611406,117.414903480736,117.414903480736,94.53905380405415,1872.5856303682565
1261,Cl6Pb2Rb2,10,336.88083736764116,4.334272008389795,7.545286055611932,10.753736740007408,90.00012924690544,89.99999779175248,106.68239938697502,223.58576130181282
677,CuKNa2O2,6,105.476721559704,4.390367959920797,4.390377568959323,6.2915789579561485,110.42596900764276,110.42055962360102,90.00000191849526,641.5857281118634
1138,Ba2HfS4,7,195.69885980603152,4.966691343614454,4.966691343913897,8.675902374859632,106.63267605467047,106.63267603213775,89.99999997409898,446.0864616460566
388,Ge4Sr8,12,411.8520862051735,5.19632841,8.18933091,9.67823714,90.0,90.0,90.0,144.5857675745544
1184,B2P4Rb6,12,401.08440903691894,6.7347745363601215,6.734774535891659,9.433870219170869,75.5474212788483,75.5474213112352,87.92928436813469,1114.5856905548158
942,As2Li6,8,129.52235021835324,4.37513083,4.375130824329918,7.81325496,90.0,90.0,119.99999996726211,464.58574216598083
110,Ag2Te4Y2,8,241.0363554970572,4.74553686,7.12686612,7.12686612,90.0,90.0,90.0,181.58576463668808
938,La2Na2O4,8,132.60448706254348,4.82491537,4.82491537,6.639702240230223,68.69464471218426,68.69464471218426,90.0,539.5857362108462
436,AsCa3Cl3,7,193.594908109413,5.78492825,5.78492825,5.78492825,90.0,90.0,90.0,287.5857562200981
984,Al2HgTe4,7,236.47820220844537,6.28536319092237,6.285363195740418,7.455470664371383,114.93102597724422,114.9310260290883,89.99999997135548,329.58575288522275
409,Au2Br6Rb2,10,364.91374183003535,7.481022190481871,7.484867777699314,8.77410477435933,62.45149054167948,64.76622731352039,60.01699429928508,238.58576011078603
552,BO4P,6,66.19699425034973,4.44199463008492,4.441994626592763,4.595775085150342,118.89914811089841,118.8991482250594,89.99999995758273,1221.5856820588235
1051,K2Se,3,116.69869892092743,5.485215201364388,5.485215195845166,5.4852152,59.99999997494341,60.00000000822821,59.999999937382356,125.58576908318848
97,Cd2Cs2La2Te6,12,502.6722881090234,4.71615052,8.976872587585202,12.30546364,90.0,90.0,105.22934436372273,159.58576638352753
446,CdK4P2,7,258.7010740137182,5.72510478,5.7250155696012826,9.693843699997938,107.15875274318651,90.0,120.00051546827488,346.5857515353923
456,Br2K4O,7,229.67548210533238,5.2353333045077575,5.23533330474209,9.160945318897985,106.60320542466219,106.60320542582227,89.99999998523923,322.5857534410353
445,Cs2I2O6,10,219.35607480284594,4.768977779023354,6.825151188526467,6.73925813,90.0,90.0,90.00106520214963,754.5857191394607
709,Ba2LaNbO6,10,166.57628308841572,6.138246139143976,6.138246139143976,6.204659855900831,90.27225155479246,119.47113460220334,119.8604218662096,735.6805937023079
342,Cu2HgI4,7,242.3378204483848,6.205829768837019,6.205829768837019,7.670661347592565,113.8909083604899,113.8909083604899,89.82619801342511,146.58576741575087
10,Be2P4Si2,8,134.60965107972058,5.13911996,5.13911996,6.259614869262851,114.23612819721296,114.23612819721296,90.0,590.5857321613547
1143,Au3RbSe2,6,192.91251319745422,6.28977421,6.289774207562181,5.63066457,90.0,90.0,119.99999996022832,242.58575979317874
782,I2Li2,4,134.03828432280324,4.56607297,4.566073255407151,7.42356468,90.0,90.0,119.99999785987013,321.5857535204372
1002,Al2Cu2Te4,8,223.84968956630297,6.084649845113257,6.084649842498805,7.420814549457307,114.20306516045449,114.20306512112333,90.0000000182206,326.5857531234282
511,PtSnTi,3,60.50411803536023,4.406562940506587,4.406562936665517,4.40656294,59.9999999749683,60.00000000380292,59.99999997370065,264.5857580463393
1190,F4Hg2,6,105.34372859144588,5.24908258,5.24908258,3.8233308,90.0,90.0,90.0,471.84628776184684
272,InKP2S7,11,291.6446685717058,6.52557169437678,6.757970024115563,6.757970026307504,97.8225815024514,95.87754743036497,95.87754746410923,599.5857314467387
296,Br2Cs2F2,6,195.07191206826158,4.399293265473016,4.399293267085365,10.548388348121158,102.03617163951249,102.03617162408997,90.00000002707272,272.585757411125
1087,NaO2Rh,4,45.09222734386194,5.491188449072746,5.491188446103231,5.4911884497300205,33.56874808506283,33.56874812810747,33.56874809571756,566.5857340669977
783,AlBaHSi,4,85.61510186360121,4.33422711,4.334227205137689,5.26255206,90.0,90.0,119.99999935021127,1241.5856804707878
901,K2P2Zn2,6,150.2887597029721,4.10614905,4.106149048344081,10.29263208,90.0,90.0,119.99999993277888,353.58575097957976
473,BaBi2Mg2,5,175.92829326352893,4.93260254,4.932602543107604,8.34935281,90.0,90.0,119.99999997915934,233.5857605077949
965,NSbSr3,5,141.90979444988398,5.21599849,5.21599849,5.21599849,90.0,90.0,90.0,381.5857487563297
547,H5RhSr2,8,112.36124634107637,5.447161742527645,5.447161810758197,5.3582014522063215,60.53877996832685,60.53878357716424,58.92242972332954,1786.5856371968107
1003,Al3F9,12,144.60393018042205,5.14593377,5.145933771623384,6.30552251,90.0,90.0,120.00000005384763,729.6775748147577
1220,N6Sr2W2,10,156.42534851269735,3.8300301689153833,6.55368,6.713115900694774,103.2902956233795,89.9999878639366,106.98998162020133,918.5857061175667
484,As2BeK4,7,246.31845674721993,9.300371311997857,9.300371310677527,9.300371321645617,35.81626245845975,35.81626245614407,35.816262481480145,765.585718266041
415,BiF6Na,8,136.7544312948966,6.102122445559485,6.10212244199881,6.102122442156552,53.636300065882736,53.63630008977182,53.63630009741455,563.5857343052032
103,Ba2F8Pd2,12,218.1088993611464,6.281410073235257,6.281410069016854,7.09123275729537,116.28904188641809,116.28904191038461,89.99999992912927,520.5857377194803
728,F3Sc,4,67.35611188767281,4.068749789212287,4.06874907495527,4.068749432771656,89.82848457984133,89.82848465036005,89.82847471198953,637.5857284294706
1211,Ca2Rb2Sb2,6,250.8689783497699,5.41158192,5.41158192,8.56640271,90.0,90.0,90.0,201.58576304865227
70,Al4O6,10,87.42000774428871,5.177954579464252,5.177954085491641,5.177955824940744,55.289628158946066,55.28960686016549,55.289593686360895,792.5857161221927
748,Ba3Cl6,9,273.49033592253613,8.18273173,8.182731640435879,4.71644455,90.0,90.0,120.00000032164807,225.5857611430092
780,Ga12Os4,16,293.64725535461974,6.55376175,6.55376175,6.83667047,90.0,90.0,90.0,313.58575415565144
1176,B2K6P4,12,355.9995468028094,6.52226277726306,6.522262772244966,8.958782981034656,75.12941067557144,75.12941072076514,86.52831872661953,1117.5856903166102
1214,Cs4Se6Zr2,12,468.12231250691804,7.22051035,8.275988908518174,8.275988910066413,108.8145083552983,90.0,90.0,289.5857560612945
833,C2CaMgO6,10,110.93637770433368,4.872211206117993,4.8722112084385,6.085409063110115,66.40187046135436,66.40187046532803,60.000000851694985,1519.5856583970894
1255,Br6Cs2Se2,10,427.33553493682643,6.046609194545605,7.684067725118672,9.32187515,90.0,90.0,99.37303674790168,190.0023038850011
538,In2Se4Zn,7,199.14116510163882,5.880867336424786,5.880867336424786,7.100166272666098,114.41620110801847,114.41620110801847,90.09617559388131,208.5857624928397
1072,AgBr,2,63.400434450458114,4.475783565092206,4.475783565092206,4.475783565092206,59.99999999999999,59.99999999999999,59.99999999999999,143.5857676539562
617,As2CaO6,9,108.01580515610199,4.91899512,4.9189951156597544,5.15470591,90.0,90.0,120.00000002918772,739.5857203304878
1216,Au2K2Se2,6,195.06644387256597,5.244331229890005,5.244331230431523,7.25035012,90.0,90.0,101.97578967386585,229.9570867399526
371,Br2H2Sr2,6,134.53413117000312,4.22589621,4.22589621,7.53346588,90.0,90.0,90.0,897.5857077850044
636,BaO3Ti,5,67.97030671913357,4.081130719232011,4.081130681724952,4.081130307504108,89.66458352647854,89.66458343089579,89.66458613749262,735.538617696687
1204,F2Sr,3,50.45958082767698,4.147816603603707,4.147816599553906,4.1478166,59.999999996442305,60.00000002874035,59.99999994081727,334.58575248821387
459,BrO3Rb,5,98.23045330624687,4.625634472881958,4.62563447519892,4.625634475355903,85.852465155901,85.8524651993408,85.8524651062475,791.5857162015947
670,Cs2O4Y2,8,151.5963670308569,3.56759387,3.5675935368466227,13.75331524,90.0,90.0,120.00000299636933,478.5857410543556
1039,GaN,2,23.48047625009842,3.2142079184713435,3.2142079130946004,3.21420792,59.999999928931544,59.9999999842675,59.99999999359501,670.5857258092112
76,Pd3Rb2S4,9,235.05278411557023,6.236481017446338,6.235896860573465,7.581333062406114,102.40959149083831,102.41293075306594,118.51742015334419,348.5857513765887
354,H3KMg,5,65.13786381935667,4.02356638,4.02356638,4.02356638,90.0,90.0,90.0,1362.585670863171
1157,F4K2Zn,7,113.75610905027642,4.1441702770635676,4.144170274147929,7.242944941591683,106.62360976404686,106.62360974577516,90.00000000206916,493.5857398633288
210,Ga9K3,12,302.593533909657,6.358845120461622,6.358845114627912,8.73039585063774,111.35703559780069,111.35703559542573,89.99999997954693,272.585757411125
69,FLi,2,17.022154048732133,2.8874191875738835,2.8874191813692853,2.88741919,60.00000001568723,60.00000008677023,60.00000005290798,593.5857319231493
417,BiCsF6,8,168.195951238243,5.5523494778507185,5.552349476044804,5.552349475063944,95.94963188770117,95.9496319018852,95.94963178686068,549.5857354168284
667,Cs8S4,12,505.93672787466056,5.43815719,8.82753641,10.53913417,90.0,90.0,90.0,184.5857643984827
295,Cl4K2Pt,7,215.1721611513944,4.26140654,7.10585853,7.10585853,90.0,90.0,90.0,331.5857527264192
421,Na2O4Pd3,9,115.17271315324207,3.1036255661761865,5.534854997736487,7.417457683901398,111.90671367412035,102.07611136920791,89.99999995097049,563.5857343052032
681,As2O8Sc2,12,144.11720721608162,5.732319462846157,5.73236893603981,5.732368567450121,106.96434376850522,106.95892908490883,114.61656592868835,925.5857055617543
610,Na2O6Sb2,10,136.00988397880957,6.246926058819886,6.2469260522507515,6.246926060346904,51.048903145709296,51.048903136944006,51.04890310543331,644.585727873658
227,As4Fe2,6,92.0116087424594,2.88893487,5.31372061,5.99385396,90.0,90.0,90.0,330.5857528058209
12,As4Be2Ge2,8,162.5400589323381,5.45322016,5.45322016,6.689085071123465,114.05546334927986,114.05546334927986,90.0,540.5857361314445
91,Ba2O6TaY,10,155.5083531878358,6.025463790466322,6.025463790633145,6.041463524012558,119.91243290289204,119.9124328669065,89.99999999487824,781.5857169956122
583,C2Ca2O6,10,127.45632385467336,5.051313956339301,5.051313956339301,6.46332665030763,66.99774490005072,66.99774490005072,59.9999958567534,1500.5856599057233
798,Li2O4Sc2,8,83.47669266087432,4.215147629118233,4.215147637498852,5.563959633698185,112.25876975908595,112.2587698360677,90.00000000654003,689.5857243005772
169,CaCs2F4,7,156.84761836307425,4.562499667201436,4.562500075129585,8.196540810009719,106.16266452491692,106.1598795500545,89.99999997290253,435.58574446863264
954,Ag2K4Sb2,8,282.6313145906764,6.36017281,6.759066601480228,6.759066601033406,103.41930240463996,90.0,90.0,195.58576352506302
241,F6Rh2,8,100.3053131233776,5.445003003052669,5.445003001811227,5.445003004386831,54.79135041619961,54.791350405536576,54.791350445427604,554.5857350198194
286,IRb,2,104.9571047398485,5.294711240395769,5.294711244567691,5.29471124,60.000000028537535,60.00000000247265,60.00000002771333,74.58577313267992
1247,Ag2Li2O4,8,98.04151369245913,3.79075556,4.75566696,5.43842062,90.0,90.0,90.0,605.9291732079247
151,Ag2Al2Se4,8,202.9421621734153,6.042716435932383,6.042716436636333,7.010496018490214,115.52953987295483,115.52953983199407,90.000000035828,373.585749391544
521,Ca4Li4N4,12,173.55105482015512,3.67467384,5.55256336,8.5057955,90.0,90.0,90.0,629.5857290646849
191,As8Rh4,12,215.49444786178435,6.147756522960806,6.16293078,6.2392770778152995,90.0,114.27448320074721,90.0,295.5857555848837
247,InPS4,6,154.39681225198063,5.772129143531157,5.772129143339701,6.175249325670559,117.8630648912983,117.86306493435865,89.99999996131353,565.5857341463998
1156,Be2Li2Sb2,6,102.232250243831,4.17242539,4.172425398445096,6.78078741,90.0,90.0,120.00000001232756,468.58574184837363
108,Al2BaO7Sb2,12,214.9552199306742,8.769110074647132,8.76911007881774,8.769110079059557,36.63099229461223,36.63099223009014,36.63099227548232,978.5857013534593
331,BrLi,2,41.899120861572726,3.8985816632145935,3.8985816647017333,3.89858167,60.00000003989453,60.00000002727605,59.99999998181395,334.58575248821387
263,Cu2In2Te4,8,249.1222387195102,6.288336909654937,6.2883369121126265,7.711138283437657,114.06317946994709,114.06317944941648,89.9999999729939,173.5857652719024
251,Cu2F2Se2Sr2,8,149.1779947179754,4.09381264,4.09381264,8.90120575,90.0,90.0,90.0,311.585754314455
275,Li2Se,3,54.53556430760779,4.2566205383453415,4.256620543050929,4.25662054,60.000000023709866,59.99999998714105,59.99999998312822,400.58574724769545
623,Cd2P4Si2,8,173.74813194016113,5.731726153707907,5.731726152807479,6.663087467012298,115.47456529404111,115.47456527464989,89.99999998717247,476.58574121315917
1011,O2RbSc,4,60.3210976005607,6.722788764996103,6.722788766292421,6.722788766075548,28.294472781899177,28.294472706504195,28.294472814078468,545.5857357344355
621,FK,2,39.89287388215554,3.8353362075741937,3.8353362066959993,3.83533621,60.00000005775293,60.00000006532734,59.99999998618074,249.58575923736615
193,Au2Li6S4,12,209.22315914174246,5.808233499425082,6.359964235905192,7.1151436785469135,116.54698451104979,114.08929854012625,90.00000000567006,399.5857473270973
1224,AlH6Rb2Tl,10,163.8736253898832,6.142446085316416,6.142446085316416,6.142446085316416,59.99999999999999,59.99999999999999,59.99999999999999,1423.5856660196616
1113,O6Sb2Sr,9,135.60554243972055,5.3535141,5.353514099897648,5.46347433,90.0,90.0,120.00000000063244,652.5857272384436
89,Rb4S6Si2,12,375.7384868843405,6.96189995075766,7.625192832920192,8.74545240254156,73.29597334161889,66.54493558374718,62.8380939558964,579.5857330347744
352,HLi,2,16.00209193116371,2.8285503876002864,2.8285503876002864,2.8285503876002864,59.99999999999999,59.99999999999999,59.99999999999999,1045.5856960335393
1188,Ba3Na3P3,9,260.8908926266966,8.00619221,8.006192219912245,4.69976629,90.0,90.0,120.00000000036259,211.58576225463432
378,HRb,2,55.00517320217369,4.268803634797369,4.268803641144458,4.26880364,60.00000000886862,59.99999995968387,60.00000006704725,718.5857219979254
124,As4Pt2Rb4,10,322.01342610458926,6.41497895,6.804936359914602,8.123461502672528,114.76166523459064,90.0,90.0,276.58575709351777
1055,CsF,2,50.74080166626375,3.70213662,3.70213662,3.70213662,90.0,90.0,90.0,213.47561009872064
139,ORb2,3,81.31545535860882,4.8629077630999555,4.862907759866447,4.86290776,59.999999999091514,60.00000002108733,60.00000003133643,275.58575717291956
399,Os2Sb4,6,132.35130901728817,3.25406597,6.01445809,6.76247052,90.0,90.0,90.0,210.5857623340361
1031,K2N6,8,141.19994251787853,5.713950187946574,5.713950187946574,5.713950187946574,100.80388109531121,113.97111724379633,113.97111724379633,2109.5856115500314
471,Al2La2O6,10,111.48524070442707,5.393214269018448,5.393214276031494,5.393214267586042,60.223224647674854,60.22322458920357,60.223224596819264,726.5857213627112
745,Cl6Cs2LiY,10,298.99183467221025,7.505704168593537,7.505704227545411,7.50570418,60.00000020954589,59.999999949728526,59.99999763086835,294.5857556642855
1250,Cu2Na2O4,8,110.3385147114065,3.7200393350508225,5.42051938,5.7793976761876795,90.0,71.22599253030369,90.0,675.5857254122026
1105,In2O8Ta2,12,150.2889358986573,4.888902135022543,5.227746861579984,5.88188733,90.0,90.0,91.3218362311109,795.5857158839873
179,Be2C,3,20.263752460018456,3.0601657977549768,3.060165796525007,3.06016579,59.99999996243607,59.999999975731775,60.00000003293581,939.5857044501292
166,Si2,2,40.888291888494884,3.866974622849504,3.866974623775052,3.86697462,60.000000032293386,60.00000002437586,60.0000000241681,480.58574089555196
992,K2Nb2S4,8,164.24117708423339,3.48460042,3.4846004150134915,15.61872034,90.0,90.0,120.00000004733754,375.58574923274034
580,Ga4Te6,10,331.84160308588554,8.57235809356223,12.809834912885115,7.359482324959535,30.483282957085937,54.041504886696345,59.59994052865507,229.585760825402
602,Ba3O6Zn3,12,210.88400210448637,5.97230086,5.972300856705942,6.826996,90.0,90.0,120.00000001824533,619.5857298587027
878,K2Mg2Sb2,6,196.1684214918684,4.84526727,4.84526727,8.35590745,90.0,90.0,90.0,260.58575836394647
411,CaF6Ti,8,144.54865182388772,5.904603163961534,5.9046031630010845,5.904603163439429,59.6926162296274,59.6926161811766,59.69261622939289,684.5857246975862
494,BiRbS2,4,117.71069198332287,8.109692766365626,8.109692766757682,8.109692769239219,29.945630831781013,29.94563083598073,29.94563085910034,236.5857602695895
99,BaSe,2,74.74113369842621,4.728153415920783,4.728153417333846,4.72815341,59.999999981346704,59.99999997146045,60.00000003125324,109.58577035361715
1092,BLiO4Si,7,68.41001071478529,4.454347532974386,4.454347526277961,4.669951312949002,118.48416383829118,118.48416380345589,89.99999999304116,1106.5856911900298
496,Br6Cs2Pt,9,337.2104244673626,7.812775224695974,7.812775224859933,7.81277523,60.00000002057723,60.00000001988302,60.00000001394957,228.58576090480392
1047,LaLi3P2,6,106.92801433059348,4.23658683,4.236586827397303,6.87905286,90.0,90.0,119.99999994224108,456.5857428011951
160,Co4P8,12,157.0128253752747,5.54504818,5.540780815460833,5.613585634270512,114.44330906627468,90.0,90.0,477.5857411337574
245,In2Li2Te4,8,272.94135989775924,6.5412252701861755,6.541225266208069,7.879415009778797,114.52455478757557,114.52455475624387,89.99999999841013,325.58575320282995
318,Ba2BiO6Sb,10,162.47464234537108,6.1030024942547065,6.103002495368602,6.1030024961236204,60.478295858677534,60.47829588179322,60.47829590044332,653.9614869773397
440,IK3O,5,155.82089833756788,5.38115169,5.38115169,5.38115169,90.0,90.0,90.0,275.58575717291956
545,K2Sb2Sn2,6,227.72503910299213,4.44680295,4.446802952219769,13.29794044,90.0,90.0,120.00000005787707,150.58576709814366
302,Bi2Na2O4,8,128.8374820310265,5.204081425138041,5.2040814277602845,5.968584626517471,64.58844106086019,64.58844102745155,89.43016994966638,543.8612030793709
571,Se2Zn2,4,94.8044294904855,4.05352711,4.053527105604341,6.66241734,90.0,90.0,119.99999995426451,221.58576146061642
825,H6PtRb2,9,158.91098340111066,6.079804824931848,6.079804824931848,6.079804824931848,59.99999999999999,59.99999999999999,59.99999999999999,2097.585612502853
920,O7Sc2Ti2,11,148.05911498418703,5.520386353658796,5.520386353658796,5.220936902416297,84.07906893684739,95.92093106315262,71.01452443252903,926.5857054823524
1142,Au3CsS2,6,200.93057033120013,6.42245586,6.422455860481307,5.62487828,90.0,90.0,119.99999999752096,341.58575193240125
1240,Be2Li2P2,6,78.12979472179644,3.60609191,3.60609191,6.00818228,90.0,90.0,90.0,555.5857349404176
1030,K4P6,10,296.7812325299227,6.424879327390266,6.42487932695606,8.424281435801303,110.45353363675736,110.45353363111249,94.7961417308732,505.58573891050713
45,LiPSr,3,68.04033614746585,4.29548191,4.2954819026879285,4.25806249,90.0,90.0,119.99999997930013,429.5857449450435
138,Cs2F6NaY,10,194.76136547661343,6.506377682168477,6.506377679324031,6.50637768,59.99999999656324,60.000000011024966,60.0000000222419,461.585742404186
1106,Au2Rb2Te2,6,233.293506400185,5.25215374,6.00540999,7.39643693,90.0,90.0,90.0,203.58576288984864
1262,Br6Ge2K2,10,370.38786097749824,5.987584158787582,7.645715,8.623577410631855,90.0,110.24709437900732,90.0,219.71838321658527
877,Au2K2S2,6,178.77763727166945,5.049421998023004,5.049421996982445,7.15215346,90.0,90.0,101.3693358290667,335.58575240881197
1233,Cs2F6GaRb,10,202.96631781868734,6.596491243052357,6.596491243052357,6.596491243052357,60.00000000000001,60.00000000000001,60.00000000000001,512.5857383546946
746,CCl2N2Sr2,7,152.07513146594636,4.30281028,5.31327788055992,7.343122556046828,97.14221032698593,90.0,113.88555572605657,2084.5856135350764
381,Ca8Si4,12,332.0529286004422,4.81988679,7.61475257,9.04721021,90.0,90.0,90.0,254.58575884035724
1217,F6GaNaRb2,10,156.24220104069911,6.045577349472784,6.045577349472784,6.045577349472784,59.99999999999999,59.99999999999999,59.99999999999999,511.5857384340965
184,KLaS2,4,117.86547145019867,7.770687300223785,7.770687295997343,7.770687296016295,32.11789692697955,32.117896964675204,32.11789696313726,253.58575891975903
448,Ga4Se4Te2,10,303.91472658553994,7.435015445710226,7.435015447617215,7.606931118752161,119.25517628377024,119.25517632713559,90.0000000329311,273.5857573317232
252,PbS,2,54.174245822071036,4.247199135837018,4.247199135837018,4.247199135837018,60.00000000000001,60.00000000000001,60.00000000000001,224.58576122241104
1024,CdO6Pt3,10,122.3858587847978,3.24145987,6.325028378831323,6.325028379344311,109.30556620800547,90.0,90.0,689.5857243005772
433,Cl2O2Y2,6,104.02442919960392,3.93009295,3.93009295,6.73487745,90.0,90.0,90.0,556.5857348610158
222,In2K2Te4,8,287.360959796857,7.243914421735405,7.243914430074613,7.24391442221176,105.25631436755984,105.25631433293763,118.27636233216096,182.58576455728627
871,Ba2O6Se2,10,184.63901005643163,4.761478134037091,5.77056924,7.062389198490395,90.0,107.91654024185111,90.0,777.5857173132196
868,CuS2Sc,4,73.28913124598185,3.75108815,3.7510881477296936,6.01442899,90.0,90.0,119.99999993183414,361.5857503443654
668,Cs2I6Te,9,439.1389569125569,8.531767140422922,8.531767313730937,8.53176706,59.99999676581335,59.999996067630015,60.00000051275704,173.5857652719024
656,Cd2P4Sn2,8,210.01533538363776,5.985351332309133,5.985351334087214,7.230446587267223,114.45000956569264,114.45000960607975,89.99999999915974,334.58575248821387
934,Li5O5Ta,11,110.82663494206318,5.334304441305559,5.334304441305559,5.8805140786330385,72.6335287486473,107.3664712513527,135.59829087471888,861.5857106434689
1016,F2Hg,3,45.157794551151795,3.9971389001255853,3.9971389038162055,3.9971389,60.00000003158235,60.000000001039325,60.00000003123592,354.58575090017797
216,La2O3,5,83.01687100112787,3.9383411,3.938341098814974,6.18029312,90.0,90.0,120.00000000995352,523.5857374812748
59,Cu6Rb2S4,12,226.8539907690135,3.9188456,7.584076042774592,8.531822745660294,111.37899402704012,90.0,104.97277971888754,317.58575383804435
134,Cs2F6InNa,10,186.27191555955417,6.410434391605048,6.410434391015364,6.41043439,59.99999995363662,59.99999995667959,59.999999968076764,465.5857420865789
464,K2Sb4,6,221.90343305951134,4.304208461516359,7.184693119762797,7.504761928488302,93.41331077131989,106.66438946018177,89.99999997597791,152.5857669393401
694,I4O2Sr4,10,329.6919063203078,6.550726720684061,7.676193172359863,8.273410041227478,117.63944155606453,113.32054359523144,90.00775113367114,447.58574351581115
19,Al2Na2Te4,8,237.40143309180925,6.875766138288009,6.80781241365994,6.807812416101463,75.22548031074558,59.669254129537755,59.66925416190992,338.5857521706066
156,CaSe,2,53.05137671147572,4.217650143884129,4.21765014040066,4.21765015,60.000000003142446,60.00000003046389,60.00000003827037,184.5857643984827
65,Cs2Hg2Se6Y2,12,395.6168509853926,4.30828363,8.484372665027879,11.18974595,90.0,90.0,104.70813270112208,199.5857632074558
994,K2Nb2Se4,8,187.5131882007704,3.63703147,3.6370314697659896,16.36843161,90.0,90.0,119.99999991117582,259.58575844334825
702,Cu2La2O2Se2,8,146.14255871869065,4.06950405,4.06951946,8.82454033,90.0,90.0,90.0,470.5857416895698
842,CsF6P,8,143.98119277490457,5.883831993485025,5.8823871770050955,5.88383164,59.991876698067536,60.00000198734267,59.99187259917941,852.4579164643103
147,K6Sb2,8,353.7150568054444,6.12772702,6.1277270227917935,10.87737485,90.0,90.0,119.99999998492886,136.26216674540237
529,AsBO4,6,72.32301016983023,4.585709215482914,4.585709215351026,4.726816051134309,119.01730747330578,119.01730739967782,90.00000004935798,1070.5856940484944
1203,AlGeHSr,4,78.28006134007786,4.265791710579512,4.265789863868265,4.967267800672435,90.00165705183969,89.99836066625886,119.99912088655658,1230.5856813442074
356,BaH3Li,5,64.90460277624453,4.01875779,4.01875779,4.01875779,90.0,90.0,90.0,1013.5856985743968
425,K2O2Tl2,6,148.75127250497246,3.705591299407214,6.390492603471789,6.824650655432758,106.33606575443591,105.75269893722323,90.00000002184957,339.58575209120477
407,Ga4S4Te2,10,269.32541570044646,7.218278742626721,7.218278747734945,7.2643490264918125,119.79043016556452,119.79043020331322,89.99999994231267,369.5857497091512
836,Al4F24K8Na4,40,562.3330367652544,8.2540013,8.2540013,8.2540013,90.0,90.0,90.0,643.5857279530597
455,La4O4S4,12,235.67206763634104,5.94540016,5.950456168109567,7.295788564906941,114.06675632293778,90.0,90.0,472.58574153076637
1000,B2O6SnSr,10,123.42826500103581,6.390885180337566,6.3908851779493645,6.390885175486597,46.05196572344146,46.051965663347865,46.05196569965561,1343.585672371805
98,O2P2Y2Zn2,8,134.40133279743358,10.41113895155303,10.411138950145407,10.411138946343272,21.6329795875512,21.63297961232916,21.63297958767583,561.5857344640067
770,INSr2,4,110.08963032774477,8.16267945008935,8.162679508245246,8.16267962993669,28.58912465069221,28.5891238783475,28.58912223688332,375.58574923274034
475,Ca3Cl3P,7,186.48080362992383,5.7131818,5.7131818,5.7131818,90.0,90.0,90.0,304.58575487026764
885,LaRbSe2,4,139.01783205683188,8.403218452429313,8.403218450275675,8.403218446145248,30.925732016353702,30.925732018144533,30.925732055635823,165.58576590711678
15,Cs2Se,3,153.8863637796147,6.01503804398944,6.01503804398944,6.01503804398944,59.99999999999999,59.99999999999999,59.99999999999999,100.58577106823331
146,Cs2Pt3S4,9,258.09744754068464,6.436030993865571,6.436030996494873,7.834138021330858,102.24462965943557,102.24462968874727,118.92631399158692,375.58574923274034
336,ClRb,2,75.14792687944919,4.736715864097466,4.736715864932832,4.73671586,60.00000003444935,60.00000002861541,60.000000024910875,113.58577003600998
1218,Br6Cs2InLi,10,341.24210917394936,7.843788445491884,7.843788445491884,7.843788445491884,59.99999999999999,59.99999999999999,59.99999999999999,224.58576122241104
590,Cu3NbSe4,8,186.21336445935307,5.71044933,5.71044933,5.71044933,90.0,90.0,90.0,316.58575391744614
170,CaTe,2,65.45088492624757,4.523523392194204,4.523523390130754,4.52352339,59.99999992782793,59.99999994291759,59.999999989076024,163.58576606592038
594,CCaN2,4,59.46022445807734,5.403605639565045,5.403605641317425,5.403605634024643,40.281853247138926,40.28185319285721,40.281853208944746,2148.5856084533616
1132,Au3K3Sb2,8,254.9442877569503,8.145495634060982,8.1454956300903,8.145495638323723,45.98522710326721,45.985227118602666,45.98522712143709,188.58576408087555
1102,As4Cs4Sn2,10,418.3287580087063,7.0853137749756945,7.908875410154276,9.160667859933813,115.57395130412144,112.75085597309821,89.99999998581119,214.585762016429
370,Be2Cs2H6,10,227.60329330025277,5.108012621741497,5.96074827,7.869725220701362,90.0,108.21788631408913,90.0,1784.5856373556146
393,LiN3,4,45.41731899997247,3.3003654032357006,3.300365403442752,4.9885830328910865,75.18678033319908,75.18678032760772,61.07910631250145,2131.5856098031923
29,BaF3Li,5,66.56181442987541,4.05267444,4.05267444,4.05267444,90.0,90.0,90.0,481.5857408161503
453,HgNa4P2,7,187.9347597042493,9.079482579435016,9.079482579382914,9.079482579943228,32.110469785635814,32.110469787165115,32.11046980978671,331.5857527264192
428,Cl6Rb2Se,9,275.3529591835113,7.302444224989311,7.302444222150263,7.30244423,60.000000009740596,60.00000002260135,60.00000000220682,315.58575399684787
174,AlP,2,41.75533088564775,3.894116818766542,3.894116821426836,3.89411682,60.00000001212069,59.999999989522024,59.9999999665686,430.5857448656418
88,Be4N4Sr2,10,120.54668416133272,5.509922357435787,5.509922355345424,5.5099223579066265,92.31188991845542,118.67432768561474,118.67432758013896,1049.5856957159324
870,As4K4Si2,10,306.1184534018268,6.438644775492615,7.074087533926199,8.248916650672864,115.39072425178523,112.97143408284676,89.99999997411243,412.58574629487396
101,K4Te4Zn2,10,368.81126181007943,7.048461199893029,7.371802746009045,8.740006361675423,114.94370234489969,113.78024173005144,89.99999997618896,187.58576416027734
309,Br2F2Sr2,6,135.97447913705344,4.25656115,4.25656115,7.50480911,90.0,90.0,90.0,295.5857555848837
1073,HgSnSr2,4,132.9395173902082,5.728703765508542,5.728703765508542,5.728703765508542,59.99999999999999,59.99999999999999,59.99999999999999,122.58576932139387
118,K4O6Ti2,12,197.73054871191522,5.51337378,6.19328176911131,6.193281769554206,110.77079558506402,90.0,90.0,795.5857158839873
1104,Cs2F4Hg,7,165.60984524378037,4.753232270803629,4.753232268128176,8.06390251265608,107.14091753839928,107.14091758424624,89.99999994822043,405.017588021876
1166,PdSnZr,3,65.70159643090466,4.529292402432028,4.529292007395182,4.52929258000024,59.99996067010879,59.99999654213727,60.00000151276666,211.58576225463432
1075,Ga2Ge2N2Sr4,10,238.67933204005783,6.961824550234719,4.10268978,8.815596329566509,90.0,108.57287644497126,90.0,618.5857299381046
77,K2S4Sb2,8,249.3362235631524,6.486039688800111,6.48603968414183,6.976949763588881,111.02034442106113,111.02034445134761,93.73826739983748,330.5857528058209
406,Au4O6,10,141.03307037476145,4.05580926356013,5.703788599151968,6.830635928559585,83.94097304677359,72.7294719349437,69.17367553455298,601.5857312879351
185,LiS2Y,4,82.11358818910783,6.584997591674598,6.584997592815215,6.584997590518525,34.59085689341375,34.59085684803399,34.5908569275552,262.5857582051429
676,Ba2O6Te2,10,196.34514642377894,4.654753035236514,6.0745664,7.2568903069867305,90.0,106.8868149497951,90.0,708.8707572993352
385,AsGa,2,47.53187264507629,4.065993139261057,4.065993135258086,4.06599313,59.99999996142118,59.999999993988176,59.99999991645358,259.58575844334825
963,F2La2Se2,6,128.4216518434505,4.23579574,4.23579574339317,8.26489996,90.0,90.0,119.99999997350083,319.58575367924067
705,Ba2Bi2Cl2O4,10,232.140683029452,5.7839304900001824,5.994015875492203,7.336612807999425,114.12275281663086,89.99998300341605,90.00002872030367,542.5857359726408
408,AsBr3Ca3,7,212.3368598045648,5.96588847,5.96588847,5.96588847,90.0,90.0,90.0,244.5857596343752
163,O2RbY,4,70.46397186391535,6.874468745669573,6.8744687442046555,6.8744687444883885,29.666960616754263,29.66696061785619,29.666960627618685,489.5857401809359
1150,CaMg2Sb2,5,144.70108674023018,4.69305906,4.693059062233724,7.58628443,90.0,90.0,119.99999998425527,254.58575884035724
81,FRb,2,47.25313891009893,4.058029691762587,4.058029695676141,4.05802969,59.99999996475332,59.999999932851296,59.9999999400725,233.5857605077949
531,BrCu,2,46.39063571850012,4.0046834554026205,4.004683237015333,4.004682708432371,118.50094763676726,92.61665420203526,118.5009456021639,177.58576495429523
1210,As2Ca2Rb2,6,214.77615093676846,5.17641042,5.17641042,8.01546366,90.0,90.0,90.0,224.58576122241104
144,F6PdZn,8,104.2566065857196,5.472602495552215,5.472602501527183,5.472602504853511,55.67146467349719,55.671464666980086,55.6714646789606,623.5857295410957
847,Ag2Se4Y2,8,198.51263831427,8.101381700504078,10.910576814400725,7.29901899208133,28.8497982752071,55.982687838522565,41.79738622780602,213.01151280128758
738,CsF3Hg,5,102.18917981081383,4.67521554,4.67521554,4.67521554,90.0,90.0,90.0,422.0160755603324
790,As4Cs4Si2,10,369.41222298159147,6.5212048721631275,7.7171710589518066,8.911909792381564,115.67003350976483,111.46333841156965,90.00453671172373,400.58574724769545
794,Ag2Al2S4,8,173.81530770430223,5.756107803457443,5.756107802437879,6.639815133622805,115.68695517692811,115.68695521623931,90.00000001684063,436.58574438923085
588,Ba2Pd2S4,8,212.18259501857383,5.73698366,6.388902445332661,6.388902442468097,115.0288619672923,90.0,90.0,328.5857529646245
1196,As3Na3Sr3,9,248.96165182756428,7.89199559,7.891995594669602,4.61559992,90.0,90.0,120.00000002234268,217.5857617782236
968,As2Au2Na4,8,186.16545476670834,5.717302834011156,5.717302834326091,5.83694752,90.0,90.0,102.64822158707152,222.5857613812146
1097,B2K2O6Zr,11,148.56071282682294,6.738690662038022,6.738690660489276,6.738690664982353,46.79682114572425,46.79682113782587,46.79682112761772,1376.5856697515458
1046,LaLi3Sb2,6,139.3729315692995,4.64643446,4.64643446053743,7.4543224,90.0,90.0,119.99999999617384,384.58574851812415
724,Rb2S2,4,153.7473731931575,5.07675731774597,6.134351530819892,6.134351600621689,68.33704574896916,65.55639120167093,65.55639451688,480.58574089555196
752,Au2Cs2Se6,10,341.642805897149,6.706240814221434,7.7907534997831025,7.797862962613076,80.84821752098121,68.29871753376611,64.49336777567267,234.5857604283931
1133,Au3Rb3Sb2,8,281.94279585386863,8.289663557035942,8.289663555439683,8.289663557897022,47.35309147288444,47.35309152146136,47.35309145544965,186.5857642396791
543,F7HfNa3,11,156.0933844614924,5.4878110190587375,5.4878110190587375,6.269604476030077,113.25163332606823,113.25163332606823,90.85711076131453,547.5959088769893
936,Li3NbS4,8,227.54922368490838,6.105086,6.105086,6.105086,90.0,90.0,90.0,477.5857411337574
43,Au4O4Rb4,12,306.1193133670968,5.94708393710229,7.766324933525674,7.766324932248469,81.5703885585562,67.48803683517012,67.48803683875448,545.5857357344355
1086,Ca2N2Zn,5,81.83212461217012,3.600134629909572,3.6001346318636136,6.80762315936952,105.33245353654719,105.33245355999226,89.9999999837289,673.585725571006
1145,FeNbSb,3,53.1671135998074,4.220714998151871,4.22071499442997,4.22071499,59.99999995634505,59.99999998551534,59.99999996117327,308.58575455266043
1212,CsRb2Sb,4,186.00362636584813,6.4073552404593945,6.4073552404593945,6.4073552404593945,59.99999999999999,59.99999999999999,59.99999999999999,73.56765209308998
472,Bi2CaMg2,5,154.5800574765984,4.80215031,4.802150306416327,7.74018487,90.0,90.0,119.99999995580096,235.58576034899133
474,Cs2S2,4,176.9318711876707,5.2860598632519,6.420286996909839,6.42028699957292,69.88858606097676,65.69030930558091,65.69030931242504,483.58574065734666
90,CN2Sr,4,70.38401468991697,5.564652463282141,5.564652464752015,5.564652462756551,42.209432255237594,42.20943224846705,42.20943228483522,2014.5856190932016
416,BiF6Rb,8,151.97111121715835,5.3761651465327525,5.376165146444127,5.376165153994509,96.66182013099214,96.66182022503257,96.66182023974656,552.5857351786229
335,ClK,2,56.5875508073689,3.83919613,3.83919613,3.83919613,90.0,90.0,90.0,139.58576797156337
1158,In2Nb2O8,12,151.55471315396426,4.920792863602671,5.2235059548960345,5.89693404,90.0,90.0,90.90352281459717,783.5857168368087
559,CaF3Rb,5,92.17004425552769,4.51713703,4.51713703,4.51713703,90.0,90.0,90.0,471.0938502979696
658,La2Nb2O8,12,174.19110616352972,5.447626170073299,5.448149958171287,7.020450849432548,112.83410332210887,112.83028933169646,89.99414753101017,793.3945295514336
1127,B2Ba2MgO6,11,142.6507226116284,6.441152945142103,6.441152941975981,6.44115294433583,49.63456170389304,49.63456172331744,49.63456174738684,1298.5856759448855
741,La2N2,4,88.16255275857952,4.13286451,4.13286472741925,5.96006723,90.0,90.0,119.99999817972069,501.58573922811433
242,K4Te4,8,345.19151841912446,5.65869988,5.658699881323327,12.44790206,90.0,90.0,119.99999999226407,169.5857655895096
533,Bi2Li2S4,8,175.47468588658236,7.889586430876039,10.474448837527433,6.8809160056915175,29.161533418640673,55.01969923968823,41.06651396524677,300.5857551878748
489,Br6Cs2Mg2,10,350.7184579378947,7.81977806,7.819778058340527,6.62276183,90.0,90.0,120.00000000702002,315.58575399684787
2,BaGaHSi,4,84.45119345190359,4.3015,4.301499762381023,5.2703,90.0,90.0,120.00000182735626,1138.5856886491724
491,Li2N2Sr2,6,110.22465506363154,3.94153537,3.94153537,7.09492636,90.0,90.0,90.0,621.5857296998992
344,Br6Cs2Te,9,356.77527604580956,7.96104202007328,7.961042021009619,7.96104202,60.00000000419517,60.0000000003045,59.9999999801036,213.58576209583072
111,AgScSe2,4,88.59955344910418,3.92593235,3.9259323536785393,6.6376642,90.0,90.0,120.00000005326437,247.5857593961698
387,O4Zr2,6,70.56331708216138,3.643811,3.6438110000001265,5.31455986,90.0,90.0,89.99998521931221,686.5857245387828
107,K6S6,12,378.0116276132244,8.58608286,8.586082863673552,5.92085433,90.0,90.0,119.99999998584686,478.5857410543556
653,Cu4Li4O4,12,141.96239646442996,3.92887996,6.323928324457655,6.323928324457655,84.46264246934842,71.90243530025894,71.90243530025894,662.5857264444257
761,C5Si5,10,104.88773240039247,3.09396364,3.0939636654391744,12.65213009,90.0,90.0,119.99999972801196,849.5857115962906
718,CsNbO8P2,12,210.92824849736726,5.155583064959003,5.155582648830766,8.994873398854345,87.17039388955546,87.17039409862649,62.09232147565872,1194.9022217453005
815,Ba2LiO6Re,10,139.62379513996618,5.823152253708527,5.823152258883259,5.82315225,59.999999993656104,59.99999996425988,60.00000000556948,791.5857162015947
759,CdCl3Cs,5,151.40599714706605,5.3298423,5.3298423,5.3298423,90.0,90.0,90.0,271.5857574905268
1238,Co2La2N6,10,160.61959697638838,4.069630337789571,5.770800967266764,7.511579734953415,102.47658231543281,90.00000112454273,110.64675593773183,1840.5856329091127
522,F2Pb,3,53.92600778974903,4.24070200703258,4.240702004935829,4.24070201,60.00000003850211,60.00000005485787,60.000000065252536,311.585754314455
42,F6Rb2Si,9,159.6621324892815,6.089369222127797,6.089369221757935,6.08936922,60.00000000954976,60.00000001155898,60.00000000569676,762.5857185042465
25,F2O2Y2,6,82.93114993568877,3.87601865,3.87601865,5.52008762,90.0,90.0,90.0,593.5857319231493
33,Ba2Hf2N4,8,146.19663698210158,4.1510133,4.1510133,8.48455624,90.0,90.0,90.0,719.5857219185235
1154,CaCd2P2,5,114.36858987043642,4.32124064,4.321240639908439,7.07227649,90.0,90.0,120.00000000070091,297.5857554260802
431,Cl6Cs2Ge,9,295.59372715725357,7.477161085656628,7.477161082225275,7.47716109,60.00000000984485,60.000000025025514,60.000000027045594,317.58575383804435
338,IRb,2,90.37026012405481,4.48754184,4.48754184,4.48754184,90.0,90.0,90.0,69.58577352968891
717,Ag2BaS4Sn,8,208.0456939400043,6.508472170482144,6.508471885502364,6.50847149824285,100.31312294183313,112.55787109061681,115.93531055324218,339.58575209120477
333,Br6La2,8,258.09968582619365,8.127059550000002,8.127059550970266,4.51221682,90.0,90.0,119.99999998884972,160.58576630412574
985,Cu4K4O4,12,243.45465709120154,5.552665416991597,7.180018847498726,7.180018845335008,81.40103747298156,67.25224365501704,67.25224361933256,635.5857285882743
1052,K2Li2S2,6,132.01101816224067,4.33422723,4.33422723,7.02727304,90.0,90.0,90.0,399.5857473270973
232,Cs2F6Pb2,10,232.1467819869665,6.83781704405881,6.837817037148391,6.837817040799919,61.195521005920654,61.19552100783894,61.19552104525364,366.5857499473565
1141,HfN2Sr,4,57.78738202959197,6.231074188959619,6.231074187550047,6.231074189221048,31.251631533834267,31.251631615147513,31.251631570097143,590.5857321613547
96,Ir4Sb8,12,273.8457929980571,6.63961317,6.693588312980345,6.794752424929809,114.9277505379878,90.0,90.0,227.5857609842057
665,F2La2S2,6,115.34064791196153,4.05264992,4.05264992,7.02270147,90.0,90.0,90.0,310.5857543938568
1069,Cs2Na2Se2,6,208.90762688200627,5.03829953,5.03829953,8.22974407,90.0,90.0,90.0,195.58576352506302
297,Ca2ClN,4,77.43321923227182,6.9617306486589055,6.961730648983207,6.961730653702396,30.582991146548345,30.58299109020648,30.582991146916882,468.58574184837363
141,F6HfRb2,9,165.21752804595704,6.22337127,6.223371261435895,4.9257693,90.0,90.0,119.99999999236765,579.5857330347744
255,As4In2K4Na2,12,363.2224936750092,6.824264723656488,6.86873887504962,9.136899837308077,112.0786553109971,111.92825580772532,89.99999997243958,202.58576296925045
192,CuLi2Sb,4,63.5200920812546,4.478597559751449,4.478597554853139,4.47859756,59.99999996198435,59.99999999816417,60.000000005240445,396.58574756530265
664,Ga4S6,10,227.7267588606606,6.53830571,6.580380901849221,7.121421393198915,116.62057953786233,90.0,119.78871149088991,395.5857476447045
760,BrTl,2,77.95399792416487,4.794954158420453,4.794954413819274,4.79495391,60.00000340679148,60.00000164483012,59.999998563643324,87.5857721004566
1007,As2O8Y2,12,163.7977019890406,5.988001296110848,5.988001292091872,5.988001289882713,106.44665774705929,106.44665778197648,115.70609096582969,903.5857073085936
52,MgSe,2,41.84226852826671,3.8968175592437078,3.8968175554924867,3.89681756,59.99999996173613,59.99999999357991,60.00000001288691,302.5857550290712
339,BrRb,2,74.18424650296352,4.20181793,4.20181793,4.20181793,90.0,90.0,90.0,85.58577225926021
199,BN,2,11.917209407887151,2.563873080555077,2.5638730861248753,2.56387308,60.00000007902468,60.00000000716174,60.00000000214625,1223.58568190002
121,Ba2O6SrTe,10,164.7492978750444,6.118406016454495,6.118406011272584,6.11840601516634,60.764192754355754,60.764192798117755,60.764192714124995,695.3071651297435
786,Ca4Cu2P6Zn4,16,305.0410600229425,4.04433952,4.044339662158623,21.5343831,90.0,90.0,119.99999883724671,344.5857516941958
85,HfPdSn,3,64.42130046525499,4.499678603061229,4.499678607692569,4.49967861,60.00000005655253,60.000000022504864,60.000000006606555,197.58576336625939
903,Cu3K3P2,8,188.88107478661263,7.429814923471186,7.429814924916865,7.429814921544309,45.322393124414035,45.32239312293408,45.32239309776477,371.58574955034754
419,Ca2Cl2F2,6,106.12187509915574,3.91446249,3.91446249,6.92565165,90.0,90.0,90.0,360.58575042376714
235,Ag2In2O4,8,123.58940612995771,3.33555091,3.3355515451750484,12.82671236,90.0,90.0,119.99999360159248,571.5857336699888
997,LaO2Rb,4,80.66149723465213,6.946138598637549,6.946138602088791,6.94613859903559,31.380274042764217,31.380274045397574,31.380274020445725,443.58574383341835
83,KLaTe2,4,158.81545756820196,8.659142578231654,8.659142580113668,8.659142579690885,31.657189223120294,31.657189198407906,31.65718920686758,144.5857675745544
1068,As2Be2Mg,5,80.68186622718709,3.7964170608051404,3.796443268680379,6.4639124817891425,89.99999736076725,89.9976767530716,120.00022727086129,493.5857398633288
1120,AuK3O,5,150.46283885430452,5.31875212,5.31875212,5.31875212,90.0,90.0,90.0,286.5857562994999
716,O8P2RbTa,12,198.14667102136178,5.111856250805989,5.111857288112343,8.580589920014143,87.25938596971496,87.25938542117306,62.26346732959165,1208.1195814195778
551,In2MgTe4,7,255.61791495439735,6.3392799318636595,6.3392799318636595,7.790208972828782,114.09760546324567,114.09760546324567,89.98343718681494,257.5857586021519
53,As2K2S6Sn,11,294.9867151570083,6.784985960000009,6.78498595785602,7.3990152,90.0,90.0,119.9999999801385,369.5857497091512
1187,AgO2Sc,4,56.92211813833383,6.538768649895248,6.538768649895248,6.538769163991339,28.678791318129125,28.678791318129125,28.67878919312928,566.5857340669977
979,Cs2F6Zr,9,189.50130134263108,6.52228668,6.522286683771657,5.14377303,90.0,90.0,119.99999998087091,562.5857343846051
875,La2O2P2Zn2,8,146.62732741146635,4.045602,4.045602,8.95877456,90.0,90.0,90.0,479.58574097495386
31,B4C4Ca2,10,107.0994793186458,5.313533591063799,5.313533589728234,5.313533586544044,91.12884072059845,119.3504176796781,119.35041768235081,1292.5856764212965
803,F6Ga2,8,99.2059783274446,5.309389535447067,5.3093895417297,5.309389533982904,57.280701100994705,57.28070110619316,57.28070111684752,634.585728667676
426,Cl6Rb2Ti,9,269.03310672457974,7.246143132467017,7.246143131078536,7.24614313,59.999999959272174,59.999999965610805,59.999999997092154,376.58574915333855
438,K6N2O6,14,282.48574717470325,7.322252171807655,7.322252171328048,7.386972448823096,119.71059570862471,119.71059565890286,90.00000005536809,1212.5856827734399
284,ILi,2,54.69687653968781,4.260813337208261,4.260813335395234,4.26081333,59.99999996424992,59.99999997832574,60.000000016298486,285.58575637890164
114,MgTe,2,69.05665589678975,4.605111825726167,4.605111825011563,4.60511182,60.000000035999385,60.00000004113257,59.99999998081593,261.5857582845447
539,Au2F8Rb2,12,246.21454068137476,6.40668095181245,6.406680954326692,7.517019671391579,115.22316086782021,115.22316080351167,89.99999997063026,584.5857326377655
1037,OP2Sr4,7,187.57998185596648,4.835038911586542,4.83503890767529,8.721930905530241,106.09179676469047,106.09179676269517,90.00000006029427,462.6991086384732
454,Br2Na4O,7,157.0534661398035,4.56260056309406,4.562600560319757,8.205247598748336,106.14262986156893,106.14262990848498,89.99999999458468,398.585747406499
742,C2Cl2La2N4,10,162.5800397680862,4.03845871,5.363571912259881,7.629752678425072,100.34154491832534,90.0,90.0,2145.585608691567
657,Cu2Ga2S4,8,152.70089010104192,5.363466014313462,5.363466008609336,6.523863087651303,114.27176581799424,114.27176579694886,90.00000005657627,358.5857505825708
149,F6NaRb2Rh,10,162.21031013125025,6.121593453071209,6.121593458333589,6.12159346,59.99999999099508,59.99999996255835,60.000000034674365,558.5857347022122
126,B2MgO6Sr2,11,128.86927494425532,5.19387618,5.2521038594967795,6.198540318965367,114.70312901619837,90.0,119.63393275304712,1326.5856737216354
852,AgI,2,73.27546320215684,4.655598486295409,4.6555986706801695,4.655599028487233,118.09275880543811,118.0927588347254,93.33645765122417,121.58576940079568
704,Bi2I2O4Sr2,10,240.2407432863597,5.8232701700016465,5.950064353520287,7.544929746525827,113.22356632883016,89.99991863658096,90.00000708272921,509.5857385929
1094,Al2As2,4,94.24394903891165,4.04552947,4.045529478753919,6.64924147,90.0,90.0,120.00000001018904,366.5857499473565
592,CdTe,2,72.82720794844357,4.687445368130685,4.687445368330226,4.68744537,60.00000005878718,60.000000057379,60.00000008040499,144.5857675745544
1189,Rh4S6,10,166.85910023018272,6.02562672,6.025625603461512,6.345275822935755,118.3471005014764,61.65290268961833,119.99998966009404,411.5857463742758
304,Cl2CsI,4,155.29690009595942,5.6244182665608715,5.624418266367976,5.624418263003112,71.49935283557538,71.49935284180728,71.49935285674776,263.5857581257411
510,As4Cd2Si2,8,198.73230569446343,5.983142489688371,5.983142481082079,6.979833036623183,115.37887989606565,115.37887988357099,89.99999994848363,392.5857478829098
72,Li2S,3,46.82072067600768,4.045613262557218,4.0456132556101965,4.04561326,59.99999996410593,60.00000002090959,60.000000004344244,457.5857427217933
420,Ag2Bi2K4,8,297.68132463060783,6.48468382,6.8711137835190135,6.871113779183993,103.51263962659777,90.0,90.0,169.5857655895096
150,F6PdRb2,9,169.3990157135805,6.210720142567207,6.210720139805571,6.21072014,59.999999998964434,60.00000001367354,60.000000025157604,614.5857302557117
640,Cs2F6Pd,9,196.23808400273833,6.522780997381695,6.522780459079825,6.52278063,59.9999936961099,59.99999645031927,59.99999800725547,602.5857312085333
831,CaCsH3,5,99.3835390741052,4.632033710017867,4.632029860016486,4.632030350008347,90.00014064073119,90.00016698767445,90.00027089129605,1220.5856821382256
1257,BaHfO3,5,74.32551964212352,4.2033171028199545,4.205020676465657,4.205112969377942,89.99567018718005,90.00592377338177,90.00179860825538,774.5857175514249
527,Cs4S6Ti2,12,385.5770336706385,6.58854695,7.863881541111073,7.863881542062704,108.85475562255846,90.0,90.0,441.5857439922218
971,Ca2Ge2N4,8,108.42727904482041,5.309217773417945,5.309217767867067,5.309217769566093,93.02512767498408,118.26908392746385,118.26908384058036,769.1800191221088
765,HgK2Se4Sn,8,242.20794614485413,6.83149602082173,6.831497028563227,6.831496922299616,105.84137612929375,105.84137851151173,117.00381567562434,236.5857602695895
1029,Na4S4Zn2,10,216.0251408481393,5.9768957734205665,6.462682890126973,7.116870979752609,117.00315919849318,114.82892856717838,89.99999997229392,310.5857543938568
900,Cu2K2Te2,6,175.97158670598398,4.47260666,4.472606661129756,10.15758595,90.0,90.0,119.99999999164424,194.5857636044648
479,CuGaI4,6,242.6070279850874,6.507618367835883,6.507618371089066,7.347994790635885,116.28368743509107,116.28368735924349,89.99999994117195,213.58576209583072
244,Li3Sb,4,70.63171472825084,4.639860416766317,4.639860420529145,4.63986042,60.00000000377253,59.999999976945574,60.00000001145733,403.5857470094902
611,K2Li2Te2,6,183.9668038225919,4.86853446,4.86853446,7.76145183,90.0,90.0,90.0,325.58575320282995
30,S4Zn4,8,162.05746016414844,3.85250299,3.8525029946689546,12.60818078,90.0,90.0,120.00000004577532,335.58575240881197
647,HgO2Rb2,5,129.60823061949097,4.239774696446315,4.239774691233144,7.808633697598509,105.75235045516835,105.75235047462671,89.99999997953158,615.58573017631
990,P6Sr6,12,343.8226245084131,8.10038537,8.100385366751919,6.05051662,90.0,90.0,119.99999997242703,426.5857451832489
463,Br2Li5N,8,141.23224334809873,3.9164786147866018,6.089460615624783,6.940727135188286,116.01943420909362,106.3878180271294,90.0000000476076,669.5857258886133
1065,AuBa2Sb,4,144.2523289055392,5.886799944154165,5.886799944154165,5.886799944154165,59.99999999999999,59.99999999999999,59.99999999999999,107.58577051242077
747,Ba6Bi2N2,10,356.70237062654985,7.78049675,7.780496796180362,6.80394367,90.0,90.0,119.99999984617479,430.5857448656418
660,Ag2Ga2S4,8,177.68537908135505,5.786672796365407,5.7866727968281095,6.700736928541638,115.58145065055436,115.5814507273689,90.00000001959822,347.58575145599053
1079,Li2Rb2S2,6,144.93978458012216,4.43507951,4.43507951,7.36859677,90.0,90.0,90.0,376.58574915333855
9,As4Be2Sn2,8,181.6783534256515,5.65578353,5.65578353,6.946350227582999,114.02308528837266,114.02308528837266,90.0,523.5857374812748
7,MgTe,2,53.438500981034636,4.2278842454083305,4.2278842454083305,4.2278842454083305,59.99999999999999,59.99999999999999,59.99999999999999,247.5857593961698
1182,K2O,3,68.26891294321595,4.587534340715789,4.587534344425708,4.58753434,60.00000003191284,60.000000005161404,60.00000007182386,296.585755505482
750,AgAuCl6Cs2,10,317.7330076881188,7.455563264758142,7.4555634679047404,7.776036866283496,118.64579877869508,118.6457996966297,89.99999859959681,322.5857534410353
1027,CaF6Pt,8,126.73386951416587,5.869127154332998,5.86912715454478,5.869127153760596,55.12016699752361,55.12016697733497,55.12016698137664,616.5857300969083
737,Ag6Cs2S4,12,301.4654314593703,4.37754016,8.449436436319647,9.168371351054798,112.18886157476669,90.0,105.01330381227054,268.5857577287321
1131,Ir4S4Sb4,12,227.79093936254674,6.11158383,6.09847712,6.11168938,90.0,90.0,90.0,359.5857505031691
368,CdF2,3,41.425171636521824,3.883826058406491,3.8838260607145565,3.88382606,60.000000006086104,59.9999999864276,60.00000001061022,373.585749391544
1081,HgK4P2,7,256.8668466361242,9.690398215321249,9.690398218791653,9.690398217077924,34.23804650653104,34.23804645242508,34.23804649236024,324.58575328223185
574,BaGa2Te4,7,254.20663788944256,6.805926936383795,6.992033426604029,6.992033426604029,76.34923924911094,60.935122566702766,60.935122566702766,226.58576106360744
1010,C2K2MgO6,11,139.47549765256457,6.645875853479887,6.645875849474513,6.645875852569228,46.187935606022954,46.18793562626403,46.187935649975955,1531.5856574442678
915,CuF2Li,4,44.34835353983589,2.95382345,2.953824114148461,6.788279870941942,64.20606659209407,64.20606597689202,60.000007325776785,674.5857254916042
1032,P2SrZn2,5,104.54109691470914,4.11474439,4.114744385924263,7.12969083,90.0,90.0,119.99999995237296,314.5857540762497
1263,N4,4,27.52914747887399,3.294616615784855,3.294616615784855,3.294616615784855,109.47122063449069,109.47122063449069,109.47122063449069,1090.5856924604586
1038,As2OSr4,7,196.26811263459456,4.883498742977432,4.883498740019673,8.924873069051152,105.87796063020546,105.87796058578174,89.99999994693657,440.3395289741532
248,Ge4Pt4Se4,12,228.4516343269867,6.07660116,6.10666747,6.15643453,90.0,90.0,90.0,256.58575868155367
319,Ba2BiO6Ta,10,162.4084743050742,6.097276908132015,6.097276911546337,6.097276916921578,60.58654776464946,60.58654769672107,60.58654769822338,745.5485956310678
778,AlHSiSr,4,76.91066948977229,4.22939098,4.229390623875842,4.96478378,90.0,90.0,120.00000278538768,1205.5856833292526
894,Li6P2,8,117.63880437731173,4.23585864,4.235858640796914,7.57071772,90.0,90.0,119.99999999377653,500.5857393075161
466,Au2K2Se4,8,234.93900241158906,3.75964757,7.90503855,7.90503855,90.0,90.0,90.0,222.5857613812146
585,F6LiSb,8,113.0558195855229,5.541982411739258,5.54198241171811,5.541982413590617,57.36342741622008,57.36342733517161,57.36342738179374,662.5857264444257
589,O8Rb2Re2,12,243.59722732423222,6.009647944303063,6.009647951817301,7.971910123805386,112.14343079944028,112.14343078592883,90.00000004998455,977.585701432861
731,S2Zn2,4,81.0268120691583,3.8482773399212613,3.8482773399212613,6.31745213,90.0,90.0,119.99464462783108,334.58575248821387
1251,Ag2O4Sr2,8,128.36587669205457,3.6471901970107434,6.048095577100732,6.048095382384655,105.78868620335918,90.49105845672801,90.49106561835973,525.5857373224713
365,Br2H2O2Rb4,10,280.4921286181664,4.54254383,7.136988693639618,9.051031146146245,107.08084885295172,90.0,90.0,3643.743437099969
530,Cs3N3O6,12,258.8809371004446,6.07636725,6.0763672601004215,8.09620341,90.0,90.0,119.99999999945332,1315.585674595055
732,BiCs2F6Na,10,204.0403261056175,6.608106463472741,6.608106227131823,6.60810566,59.9999975222055,59.999998729255246,59.999998027533636,442.5857439128201
404,Ag6Li2O4,12,176.5269591946067,5.768512735320505,6.073211552799265,6.552069013192946,117.61044224954301,116.11698924772199,89.99999996906146,479.58574097495386
703,BrCuO2Sr2,6,137.33377584048418,9.834918361028265,9.834918372244987,9.834918825764062,23.91360421451984,23.913604078200514,23.913600981291005,631.5857289058813
949,Li2O2Pd,5,54.094053884673215,3.034056154772144,3.827468698454523,5.260080958370209,111.34713807767247,106.77185207904154,89.99810388667251,611.5857304939171
773,BiNSr3,5,145.62761143559445,5.26115676,5.26115676,5.26115676,90.0,90.0,90.0,365.5857500267583
1122,HfNiSn,3,57.15172941478781,4.323626327770888,4.323626199362029,4.32362585,59.99999561784899,59.999996652046974,60.000000805293766,239.5857600313841
120,Ba2Li2P2,6,155.6618307089632,4.53113904,4.5311390341808,8.75460841,90.0,90.0,120.00000004248328,350.5857512177851
452,O8Zr4,12,147.11041011653623,5.233649151106721,5.2684599,5.4184762070257415,90.0,100.05484517713676,90.0,737.5857204892912
237,Ba3In2O6,11,199.24841558221382,4.257670410876055,4.2576704045204945,11.39620641111916,100.7662165152206,100.76621647354928,90.00000005379829,620.585729779301
830,Ba2H6Mg,9,129.43566243820436,5.735818210352075,5.735817600280222,4.5428937303687675,90.00000002803769,89.99873294292617,119.99999297195305,1191.5856844408775
495,Br3CaCs,5,192.3606623954666,5.77260828,5.77260828,5.77260828,90.0,90.0,90.0,221.85373991699416
422,SeSr,2,62.62644307171697,4.457495513439575,4.457495518942714,4.45749551,59.99999999215374,59.999999951314116,59.99999996553633,143.5857676539562
214,SrTe,2,76.00671805533013,4.7546913061030045,4.754691299865439,4.75469131,59.999999999063824,60.00000004246032,60.00000002507828,121.58576940079568
1063,PtRb2Se2,5,153.04323298400826,3.8495860118493144,6.724040455132389,6.724040448844421,69.76563467202793,73.36609442847589,73.36609445230722,207.58576257224152
14,SiSn,2,55.89217887411322,4.291627432716428,4.291627432716428,4.291627432716428,60.00000000000001,60.00000000000001,60.00000000000001,344.5857516941958
975,AlAsO4,6,101.94367399780528,5.282980456408998,5.282980463725345,5.282980454798668,87.57856836905728,121.40772346815456,121.40772361812992,990.5857004006378
467,ClLi4N,6,77.0435252097189,6.971215411347187,6.971215411146383,6.9712154115337865,30.432698885310096,30.43269893855464,30.432698869949625,641.5857281118634
201,CaF8HfLi2,12,142.1680936942366,5.176643991772594,5.176599525126628,6.445457475384045,113.67469002849494,113.67526830157277,90.0028209039805,566.5857340669977
490,Cs2I6Mg2,10,432.7722735372339,8.37728666,8.377286424142753,7.12068969,90.0,90.0,120.00000093133917,257.3811557603249
194,B12,12,86.99120174815826,5.0503747440603695,5.050374748615177,5.050374752494778,58.039393814546564,58.03939379883284,58.03939376597052,1164.5856865847259
364,H4K2Mg,7,111.63223815425411,4.03912583779434,4.039125839399935,7.414653577130888,105.80561534299866,105.80561535089014,89.99999991734624,1333.5856731658228
1095,Ga2P2,4,83.39480594679503,3.8803567,3.8803567017795513,6.3953611,90.0,90.0,119.99999998482947,376.58574915333855
469,Ag4S6Te2,12,294.5005759826395,6.779804195141495,6.7798041898418635,8.151770185451758,103.133518401443,103.13351839222993,118.62672752283966,334.58575248821387
872,O6Si3,9,120.33569695335169,5.02150235,5.021502347272013,5.51056977,90.0,90.0,119.99999995209475,1177.5856855525024
609,CdGa2S4,7,165.25279335091963,5.645790386696407,5.645790390889028,6.543361351363856,115.55730532358955,115.55730534087795,90.00000001409853,352.5857510589816
299,Ba2F2I2,6,180.59903376580644,4.72222994,4.72222994,8.09880909,90.0,90.0,90.0,242.58575979317874
945,N4Nb4O4,12,133.40131838884176,5.046392811125165,5.09554076,5.2652647711008225,90.0,99.83618518524395,90.0,781.5857169956122
161,Al2O8Ta2,12,145.20931835138933,3.81314202,6.424001804161779,6.515638679108329,106.86510636714982,90.0,107.2648254416215,955.5857031797003
321,Ba2BiO6Sb,10,162.47782378222809,6.108699990831183,6.108493988182578,6.134004491350605,60.38181794145306,60.13636962207668,59.9988843842755,652.5857272384436
35,GeO6SrTe,9,126.14829829903111,5.14922823,5.149228235042668,5.4937195,90.0,90.0,120.00000003184697,694.5857239035686
908,Cu2O4Rb2,8,162.09940560144992,4.93420404843543,5.50584038,6.456714849771835,90.0,112.46373855123507,90.0,669.5857258886133
397,CdSe,2,59.9527961018206,4.39313767722644,4.393137675393166,4.39313767,59.99999996531116,59.99999997911547,59.99999997227267,189.58576400147373
206,AlN,2,21.316978277503637,3.1122911166288034,3.1122911219498155,3.11229112,60.00000002072408,59.99999996416843,59.999999971302884,722.5857216803181
127,Cs4Pt2,6,242.32304168306024,5.83628368,5.836283679504175,8.21469217,90.0,90.0,120.00000000281031,83.42622265888586
891,P8Pt4,12,190.58379707042315,5.75477911,5.75477911,5.75477911,90.0,90.0,90.0,501.58573922811433
129,Cd2O6Ti2,10,122.78027177428764,5.893649983806382,5.893649990891433,5.893649988058097,53.51172306183929,53.511723071179134,53.511723036079516,709.5857227125415
733,Cs2Na2O6Ti2,12,196.28783501642468,5.67114048,6.075206373103951,6.45640725393868,118.0653890159333,90.0,90.0,793.585716042791
1056,Cd2O8S2,12,166.0376045561244,4.997805790805234,4.997805788416158,7.31344648,90.0,90.0,114.64348385097755,1186.5856848378864
317,Ba2Br2F2,6,158.5652859118177,4.5771644,4.5771644,7.56859196,90.0,90.0,90.0,265.58575796693754
223,OZn,2,24.820474844853734,3.2742238013201526,3.2742238028299564,3.2742238,60.000000028591266,60.000000013337605,59.999999965815256,538.5857362902481
520,RuSbTa,3,59.395592788449356,4.379485304069875,4.379485297453023,4.3794853,59.99999998076183,60.000000030741134,59.999999970514786,249.58575923736615
642,Cs2P2S6,10,333.6903451207521,7.348963364157503,7.6770461700268005,7.677046928031427,75.13623075841373,61.40389051595436,61.40389372763388,653.5857271590419
853,Sc4Se6,10,244.72532608145488,7.712391022013424,11.683926460811191,6.771796482568507,29.606974639658592,54.268384276712574,59.46636309550975,296.585755505482
614,Na8Nb8O24,40,503.0260028371507,7.954144692926782,7.954144294615143,7.954144745005474,89.01599908057057,89.0159990732909,89.01599817408726,873.5857096906476
190,P8Rh4,12,184.37976379218645,5.791586111833708,5.84430745,5.891291022234796,90.0,112.3860187818693,90.0,466.5857420071772
978,Cs2O2,4,110.46530884215333,4.394693015513923,5.499750985138782,5.499750989457945,73.46211097059172,66.45084804591264,66.45084799220508,829.0174567200193
1147,N4Sr2Ti2,8,118.14184710672663,3.90162225,3.90162225,7.76092199,90.0,90.0,90.0,781.5857169956122
434,CuK5Sb2,8,294.64190854062514,10.0754773390218,10.075477338679791,10.075477342706868,34.62386720355065,34.6238672230993,34.62386721271461,247.5857593961698
291,ClCu,2,39.46738265036693,3.821651738911404,3.821651740526939,3.82165174,60.000000004561116,59.99999999057725,60.000000007702035,253.58575891975903
1110,Cu2Na2S6Zr2,12,238.59729760194887,3.71164712,6.811931777440287,9.80787966,90.0,90.0,105.80934553792163,313.352607426604
155,P4Ru2,6,88.49882431081885,2.9036593,5.14226975,5.92702814,90.0,90.0,90.0,453.5857430394004
919,N2O2P2,6,76.66823479376943,4.833310814492124,4.503365793752441,7.070439563377129,89.99355722705688,137.01667071028942,117.74492275361536,1342.5856724512068
991,Li2Nb2S4,8,128.36515829061383,3.38346769,3.3834676854008827,12.94769505,90.0,90.0,119.99999994719626,357.5857506619725
1059,B2Nb2O8,12,110.76614973364582,5.260497228270749,5.260497230727164,5.2604972331174285,106.05483175352543,106.05483168584071,116.5440483013495,1091.5856923810568
630,O8Si2Zr2,12,135.9026614074349,5.623193984930769,5.6231939851676565,5.623193987498819,106.76857643311445,106.76857646336065,115.02328604412733,1065.5856944455031
37,Mg2Te2,4,138.261815508557,4.6108809,4.610880897207539,7.50937539,90.0,90.0,120.00000002003391,270.5857575699285
797,N3Rb,4,82.45580389895272,5.59764685,3.8380256,3.8380256,90.0,90.0,90.0,2092.585612899862
662,O8Ta2Y2,12,152.09502316391328,5.161562703245165,5.350700114801108,5.54298502,90.0,90.0,96.52288772095608,801.5857154075765
443,P4Pd2,6,102.95374489673259,4.55519124893048,4.555191251446504,5.839255527768993,106.39004105522883,111.85499441618681,99.2700506102171,457.5857427217933
213,Ru4Se8,12,216.91837076505325,6.00849141,6.00849141,6.00849141,90.0,90.0,90.0,260.58575836394647
375,Br2H2K4O2,10,240.84767965155356,4.31704489,6.831969586535196,8.593347910791982,108.14503681304338,90.0,90.0,3637.5854902240917
826,Cs2H6Pt,9,186.50160515410687,6.413068182418771,6.413068182418771,6.413068182418771,59.99999999999999,59.99999999999999,59.99999999999999,2094.5856127410584
693,K2Li2O4Zn2,10,133.94123806561947,3.387067025756389,5.73792463764572,7.523574050464685,76.56796439804125,76.98628585795589,72.83607440056842,631.5857289058813
220,In4S4,8,204.471794347254,4.0104465,4.7536738,10.72534582,90.0,90.0,90.0,303.58575494966937
776,Ag2HgI4,7,280.26669061361844,6.5663899,6.5663899,6.50007177,90.0,90.0,90.0,123.58576924199207
468,Cl2Li5N,8,111.38343784134955,9.859446012812151,9.859446013372393,9.859446008762067,21.35973724531625,21.359737250550406,21.359737220047275,632.5857288264797
1049,Li4O4,8,67.47968674947492,3.18036198,3.18036198180984,7.70352187,90.0,90.0,119.9999999811754,800.5857154869783
650,Cs2Pd3S4,9,249.93001253348783,6.283439508420962,6.315894321497086,7.860605360512233,102.149913395363,101.96733875566527,118.59307644459673,347.58575145599053
1124,NiSnTi,3,51.73792943755033,4.182551983219851,4.182551983219851,4.182551983219851,59.99999999999999,59.99999999999999,59.99999999999999,272.585757411125
922,H2O4Y2,8,94.26864063346966,5.50978902,4.8645434,3.51714435,90.0,90.0,90.0,2657.585568037849
593,Cu3Se4Ta,8,186.37574495575893,5.71210871,5.71210871,5.71210871,90.0,90.0,90.0,278.5857569347142
412,Cl8K2Tl2,12,397.96797124840407,7.0927049203547865,7.0927049196684555,9.366702801468227,112.24777537379556,112.24777536882635,89.99999999079465,270.5857575699285
230,Ag4O4Pb2,10,186.17843049550635,6.22081295758617,6.497244672843176,6.497244680780507,88.14451640717193,120.42592859704207,120.42592858548596,496.5857396251232
36,Cs3Sb,4,204.40007260025703,6.611987357175368,6.611987357581761,6.61198736,59.99999998790157,59.999999985868385,59.999999992612096,69.63722405788964
1005,Rb2S,3,120.40044703424996,5.542610575181087,5.542610571983536,5.54261057,59.99999995215566,59.999999971239475,59.999999996200266,174.58576519250062
1091,BGeLiO4,7,72.72800154201934,4.5614934337618385,4.561493429548182,4.756144136769397,118.65516188811904,118.65516200093178,90.00000001662735,1052.5856954777264
655,InNaO2,4,51.80430044185856,5.854469919467248,5.854469922848501,5.854469923629668,32.601099653613616,32.601099644140135,32.60109964202214,486.5857404191413
1260,Br6Pb2Rb2,10,385.93147626465696,4.516008443302939,7.862049648660319,11.34292335,90.0,90.0,106.6075402611918,142.58576773335804
504,Bi4Li4Sr4,12,354.12940283746406,4.94864727,8.23367775,8.69123759,90.0,90.0,90.0,322.5857534410353
1018,K4O4Zn2,10,176.46884081087325,5.500318476585039,6.093193847698059,6.676080819202693,117.1515152396192,114.32689760392638,89.99999997449012,483.81583242757483
974,AlO4P,6,96.28050568439716,5.177224134333489,5.177224136268229,5.177224137415835,87.93822639224351,121.19741962754387,121.19741957677802,1208.585683091047
967,As2SrZn2,5,115.3518844898082,4.26592588,4.265925886286057,7.31926465,90.0,90.0,119.99999995125535,190.58576392207195
622,CuO2Sc,4,52.18431980548851,6.024407141801179,6.024407142861784,6.024407140127094,31.23809995559344,31.238099926425747,31.238099936544028,656.5857269208365
930,Ag2La2O4,8,159.1805032232244,3.838174750365733,3.8382364657348402,12.476837013225605,90.00226657717978,89.9985630847795,120.00039558270721,537.5857363696499
1149,As2CaMg2,5,118.87389001812933,4.38133512,4.381335114446229,7.15060681,90.0,90.0,120.00000004193181,306.58575471146406
116,Ba2LaO6Ta,10,165.91726436260237,6.135868636062884,6.1358686388258015,6.13586863332994,60.69693751792216,60.6969374984961,60.69693753639405,754.4592429505203
58,CCdN2,4,55.07115484411581,5.304887162928324,5.304887166433704,5.304887157819634,39.79031198717685,39.79031196763869,39.79031198896617,2151.5856082151568
1252,AuNaO2,4,56.97863470805735,3.0678596783702474,3.736831314440618,5.67302,80.38613917925133,74.31249698900943,65.76441708988608,603.5857311291314
162,B2CaO6Sn,10,114.18502908438515,6.143545247930966,6.143545243446322,6.143545243642825,47.2060876955286,47.206087658288695,47.206087668960244,1340.5856726100105
282,Cl6La2,8,219.03585925296954,7.602965100000003,7.602965100482433,4.37540839,90.0,90.0,120.00000001664382,241.58575987258044
624,Al2F6,8,92.31021174226863,5.112225863241838,5.1122258631050315,5.112225865852574,58.99566965334043,58.99566957450157,58.99566957455879,710.5857226331398
645,C2Cs2Pt,5,150.9432023413391,5.75722048,5.75722082565842,5.25844299,90.0,90.0,119.99999801392221,1804.5856357675784
952,C6Si6,12,125.95656275957467,3.0948841,3.094884097948785,15.18453125,90.0,90.0,120.00000002192448,932.5857050059418
537,Cu4P10Sn,15,274.4439158986202,7.296310340105289,7.292490081752433,7.292489847327103,59.999995268593544,60.017319058976774,60.01732017063908,491.5857400221323
701,Bi2Br2O4Sr2,10,221.4229635064825,5.735570090000043,5.859806664657277,7.21031788314062,113.97681373727788,89.99998612907882,90.0000043463023,512.5857383546946
1171,PtSnZr,3,66.22547971274493,4.54129861637549,4.541298140479925,4.54129855,59.99999708981497,60.000000556334456,59.99999686231476,211.58576225463432
980,Al2HgS4,7,163.74253389277126,5.63341959676628,5.633419596794179,6.518384487819168,115.60203472993342,115.60203467859449,90.00000003903048,465.5857420865789
215,Li2O,3,25.279668381289056,3.291071792359756,3.291071899625086,3.2910720568557887,60.12971043288485,60.12970952137675,60.12970313039097,660.5857266032292
844,La2Na2S4,8,205.21583448365223,8.202411266758224,11.01696672993234,7.351952856612456,28.955423388334427,56.07943469016527,41.828136288502556,302.5857550290712
290,BrCu,2,46.27425878205889,4.029812340931832,4.0298123422343,4.02981235,60.00000001834081,60.00000000764918,60.00000001579109,177.58576495429523
21,Al2Sb2,4,121.08216898600315,4.40064476,4.400202604979666,7.22063052,90.0,90.0,120.00332407768981,322.5857534410353
882,C2Si2,4,42.005508719514054,3.09200732,3.0920073218988127,5.07334726,90.0,90.0,119.99999997968564,845.5857119138975
562,Cd2S2,4,83.77242394280609,3.89839986,3.90851991,5.49797006,90.0,90.0,90.0,251.01789069958312
569,Mg2O6Ti2,10,105.58039053567981,5.53133980741858,5.53133980967353,5.531339814063853,54.94174483069335,54.94174484405667,54.941744812618886,765.585718266041
113,B2Cu2S4,8,113.79510977992868,5.012118424368607,5.012118427973722,5.751515922775603,115.83121368549646,115.83121375667277,89.99999994224416,689.5857243005772
697,Ba2ClCuO2,6,156.03718889966365,9.928465619360786,9.92846568687042,9.928466291784403,25.192118547038778,25.192117739885724,25.192117768867796,628.5857291440867
1241,Cu3Te4V,8,207.09268807168712,5.91636449,5.91636449,5.91636449,90.0,90.0,90.0,289.5857560612945
1028,F6PtZn,8,105.83808704594165,5.509019528650166,5.509019527966946,5.509019528831071,55.48777775993212,55.4877776895962,55.48777771796228,621.5857296998992
777,Br6Rb2Te,9,344.06505131666694,7.828951873081672,7.828951438447759,7.884007157063663,119.76926659333688,119.76926475266048,90.00000162038948,215.5857619370272
889,La2O2Se,5,104.56532606640349,4.09875773,4.098757729112679,7.18708145,90.0,90.0,119.99999992645456,445.5857436746148
1017,Li2N2O6,10,100.98993189469611,5.826324328710458,5.826324333598306,5.826324330927015,48.274255469717495,48.27425546034599,48.274255400968734,1445.585664272822
209,CsF,2,57.24934956958447,4.3260863628359285,4.326086357933723,4.32608636,59.99999998420007,60.00000002168513,60.00000002111919,215.5857619370272
849,AlO4Sb,6,62.71828759146169,3.05552592,4.531048490327139,4.531048490327139,91.16121497831212,90.0,90.0,767.5857181072374
